time_offset_fs,v1,v2,error_signal_E,estimated_time_offset_fs
-1500.0,0.0020000000334579305,0.002006956498395095,-0.0017360969308912102,-0.42297503438399536
-1499.0,0.0020000000342434996,0.002007061947663323,-0.001762366904158246,-0.4293753690039904
-1498.0,0.002000000035047066,0.00200716890393128,-0.0017890108935715511,-0.43586682930450793
-1497.0,0.0020000000358690317,0.002007277387274011,-0.0018160338395716658,-0.44245061904965177
-1496.0,0.002000000036709807,0.0020073874180116017,-0.001843440741695926,-0.44912795640588454
-1495.0,0.002000000037569811,0.00200749901671184,-0.0018712366591869987,-0.4559000740904694
-1494.0,0.002000000038449472,0.0020076122041929054,-0.0018994267116058253,-0.4627682195209929
-1493.0,0.0020000000393492275,0.00200772700152608,-0.0019280160794495898,-0.4697336549661203
-1492.0,0.0020000000402695243,0.0020078434300384866,-0.0019570100047743505,-0.47679765769749466
-1491.0,0.0020000000412108195,0.0020079615113158507,-0.0019864137918219763,-0.4839615201426932
-1490.0,0.0020000000421735793,0.0020080812672052866,-0.0020162328076522118,-0.49122655003944204
-1489.0,0.002000000043158281,0.0020082027198181107,-0.0020464724827789775,-0.498594070590871
-1488.0,0.00200000004416541,0.0020083258915326776,-0.00207713831181183,-0.5060654206220361
-1487.0,0.002000000045195465,0.0020084508049972444,-0.002108235854101358,-0.5136419547374097
-1486.0,0.002000000046248954,0.0020085774831328585,-0.002139770734389995,-0.5213250434797002
-1485.0,0.0020000000473263954,0.0020087059491362726,-0.002171748643467322,-0.529116073489778
-1484.0,0.0020000000484283196,0.002008836226482885,-0.0022041753388297412,-0.5370164476676741
-1483.0,0.002000000049555269,0.0020089683389297058,-0.0022370566453446625,-0.5450275853346938
-1482.0,0.0020000000507077956,0.00200910231051835,-0.002270398455920373,-0.5531509223969215
-1481.0,0.0020000000518864657,0.002009238165578059,-0.002304206732179581,-0.5613879115096384
-1480.0,0.0020000000530918556,0.002009375928728742,-0.00233848750513758,-0.5697400222428738
-1479.0,0.0020000000543245553,0.0020095156248840537,-0.0023732468758861556,-0.5782087412483717
-1478.0,0.0020000000555851676,0.0020096572792544917,-0.002408491016280393,-0.5867955724272775
-1477.0,0.002000000056874307,0.0020098009173505236,-0.002444226169632112,-0.5955020370994516
-1476.0,0.002000000058192602,0.002009946564985742,-0.0024804586514063157,-0.6043296741735344
-1475.0,0.0020000000595406945,0.002010094248280046,-0.0025171948499228725,-0.6132800403183007
-1474.0,0.0020000000609192397,0.0020102439936628496,-0.0025544412270632655,-0.6223547101352643
-1473.0,0.0020000000623289073,0.002010395827876321,-0.0025922043189810728,-0.6315552763322085
-1472.0,0.0020000000637703814,0.002010549777978646,-0.002630490736817191,-0.6408833498978899
-1471.0,0.0020000000652443603,0.0020107058713473205,-0.0026693071674205107,-0.6503405602780866
-1470.0,0.0020000000667515566,0.0020108641356824746,-0.002708660374072265,-0.6599285555525628
-1469.0,0.0020000000682926997,0.0020110245990102205,-0.0027485571972146196,-0.6696490026130828
-1468.0,0.002000000069868533,0.002011187289686031,-0.0027890045551849938,-0.6795035873428432
-1467.0,0.002000000071479816,0.0020113522363981486,-0.0028300094449539652,-0.689494014796799
-1466.0,0.0020000000731273254,0.002011519468171019,-0.0028715789428674712,-0.6996220093830564
-1465.0,0.002000000074811854,0.0020116890143687593,-0.0029137202053943273,-0.7098893150455857
-1464.0,0.0020000000765342096,0.0020118609046986505,-0.0029564404698779094,-0.72029769544797
-1463.0,0.0020000000782952193,0.002012035169214662,-0.0029997470552912907,-0.7308489341580199
-1462.0,0.002000000080095728,0.0020122118383210054,-0.003043647362997822,-0.7415448348337407
-1461.0,0.002000000081936596,0.0020123909427757175,-0.003088148877516219,-0.7523872214104225
-1460.0,0.0020000000838187046,0.0020125725136942744,-0.0031332591672889043,-0.7633779382885496
-1459.0,0.0020000000857429523,0.0020127565825532323,-0.0031789858854552565,-0.7745188505229349
-1458.0,0.0020000000877102566,0.002012943181193904,-0.0032253367706297008,-0.7858118440130618
-1457.0,0.0020000000897215544,0.002013132341826061,-0.003272319647682833,-0.7972588256941957
-1456.0,0.0020000000917778033,0.0020133240970316665,-0.0033199424285272343,-0.808861723729669
-1455.0,0.0020000000938799802,0.002013518479768644,-0.0033682131129081213,-0.8206224877043767
-1454.0,0.0020000000960290823,0.00201371552337467,-0.003417139789197442,-0.8325430888191461
-1453.0,0.002000000098226129,0.0020139152615710025,-0.003466730635191247,-0.8446255200859373
-1452.0,0.0020000001004721606,0.002014117728466338,-0.0035169939189131647,-0.8568717965245686
-1451.0,0.002000000102768239,0.0020143229585607024,-0.0035679379994200057,-0.8692839553599981
-1450.0,0.002000000105115448,0.0020145309867493693,-0.0036195713276121174,-0.8818640562208006
-1449.0,0.002000000107514896,0.0020147418483268155,-0.0036719024470475365,-0.8946141813386095
-1448.0,0.002000000109967713,0.002014955578990703,-0.0037249399947599615,-0.9075364357485342
-1447.0,0.0020000001124750528,0.0020151722148458963,-0.0037786927020805636,-0.9206329474905522
-1446.0,0.002000000115038095,0.0020153917924085095,-0.0038331693954631063,-0.9339058678117554
-1445.0,0.0020000001176580418,0.002015614348609989,-0.00388837899731413,-0.9473573713698744
-1444.0,0.0020000001203361218,0.002015839920801225,-0.003944330526824747,-0.9609896564372453
-1443.0,0.0020000001230735896,0.0020160685467566957,-0.004001033100807301,-0.9748049451060115
-1442.0,0.002000000125871725,0.0020163002646786483,-0.0040584959345358225,-0.9888054834943011
-1441.0,0.002000000128731835,0.002016535113201309,-0.004116728342588998,-1.0029935419530722
-1440.0,0.002000000131655255,0.0020167731313951256,-0.004175739739696714,-1.0173714152738833
-1439.0,0.0020000001346433464,0.002017014358771047,-0.004235539641590546,-1.031941422897684
-1438.0,0.0020000001376975,0.0020172588352848314,-0.004296137665856962,-1.0467059091243252
-1437.0,0.002000000140819136,0.002017506601341393,-0.0043575435327937945,-1.0616672433229315
-1436.0,0.002000000144009703,0.002017757697799177,-0.004419767066269797,-1.076827820143084
-1435.0,0.002000000147270681,0.0020180121659745726,-0.00448281819458732,-1.0921900597268344
-1434.0,0.00200000015060358,0.0020182700476463573,-0.004546706951347954,-1.1077564079215085
-1433.0,0.002000000154009942,0.002018531385060176,-0.004611443476320751,-1.1235293364932109
-1432.0,0.0020000001574913403,0.002018796220933056,-0.0046770380163139195,-1.1395113433412494
-1431.0,0.0020000001610493818,0.0020190645984579526,-0.004743500926048217,-1.1557049527130494
-1430.0,0.0020000001646857057,0.0020193365613083315,-0.00481084266903357,-1.1721127154199362
-1429.0,0.0020000001684019855,0.0020196121536427882,-0.0048790738184487596,-1.1887372090537436
-1428.0,0.0020000001721999306,0.002019891420109696,-0.004948205058021695,-1.2055810382036534
-1427.0,0.002000000176081284,0.002020174405851894,-0.005018247182914354,-1.2226468346742605
-1426.0,0.002000000180047826,0.002020461156511409,-0.005089211100608139,-1.239937257703829
-1425.0,0.002000000184101373,0.0020207517182342103,-0.005161107831792107,-1.257454994183345
-1424.0,0.0020000001882437795,0.002021046137675003,-0.005233948511253424,-1.2752027588762083
-1423.0,0.0020000001924769376,0.002021344462002055,-0.005307744388769094,-1.2931832946383381
-1422.0,0.0020000001968027794,0.002021646738902059,-0.005382506829999957,-1.3113993726389352
-1421.0,0.002000000201223276,0.00202195301658503,-0.005458247317386015,-1.3298537925816771
-1420.0,0.00200000020574044,0.002022263343789243,-0.005534977451044023,-1.3485493829265782
-1419.0,0.002000000210356324,0.002022577769786198,-0.005612708949665708,-1.3674890011121197
-1418.0,0.002000000215073024,0.002022896344385631,-0.00569145365141772,-1.3866755337779224
-1417.0,0.0020000002198926796,0.002023219117940553,-0.005771223514842753,-1.4061118969878292
-1416.0,0.0020000002248174733,0.002023546141352329,-0.00585203061976146,-1.4258010364533116
-1415.0,0.0020000002298496324,0.0020238774660757946,-0.005933887168176166,-1.4457459277574474
-1414.0,0.0020000002349914304,0.0020242131441244064,-0.006016805485174296,-1.4659495765789679
-1413.0,0.0020000002402451875,0.0020245532280754293,-0.006100798019832843,-1.4864150189167031
-1412.0,0.002000000245613271,0.0020248977710751637,-0.006185877346124049,-1.5071453213144688
-1411.0,0.0020000002510980977,0.0020252468268442043,-0.006272056163820046,-1.5281435810858557
-1410.0,0.0020000002567021322,0.002025600449682742,-0.006359347299399544,-1.5494129265396768
-1409.0,0.0020000002624278907,0.0020259586944758965,-0.006447763706952815,-1.5709565172051614
-1408.0,0.002000000268277941,0.002026321616699092,-0.006537318469087368,-1.5927775440574894
-1407.0,0.0020000002742549027,0.0020266892724234674,-0.006628024797834377,-1.614879229743687
-1406.0,0.0020000002803614485,0.002027061718321322,-0.006719896035552711,-1.637264828808115
-1405.0,0.0020000002866003073,0.0020274390116716023,-0.006812945655833558,-1.6599376279182956
-1404.0,0.0020000002929742616,0.002027821210365426,-0.006907187264404965,-1.6829009460909092
-1403.0,0.002000000299486152,0.00202820837291164,-0.0070026346000335435,-1.7061581349173045
-1402.0,0.002000000306138876,0.002028600558442421,-0.007099301535427104,-1.7297125787894418
-1401.0,0.002000000312935391,0.002028997826718912,-0.007197202078134685,-1.7535676951254167
-1400.0,0.0020000003198787134,0.0020294002381368945,-0.007296350371445808,-1.7777269345950177
-1399.0,0.002000000326971922,0.0020298078537325038,-0.0073967606952873586,-1.8021937813449367
-1398.0,0.002000000334218157,0.002030220735187978,-0.007498447467119676,-1.826971753224023
-1397.0,0.0020000003416206233,0.0020306389448374465,-0.007601425242829638,-1.8520644020080497
-1396.0,0.0020000003491825896,0.0020310625456727606,-0.007705708717622392,-1.877475313624408
-1395.0,0.002000000356907392,0.002031491601349354,-0.007811312726908876,-1.903208108376034
-1394.0,0.0020000003647984337,0.002031926176192152,-0.007918252247193593,-1.9292664411656715
-1393.0,0.0020000003728591867,0.002032366335201512,-0.008026542396956497,-1.9556540017189796
-1392.0,0.002000000381093192,0.0020328121440592053,-0.008136198437534143,-1.982374514807749
-1391.0,0.002000000389504065,0.002033263669134438,-0.008247235773995332,-2.0094317404720767
-1390.0,0.002000000398095491,0.0020337209774899095,-0.008359669956015404,-2.0368294742425244
-1389.0,0.0020000004068712316,0.0020341841368879112,-0.008473516678745303,-2.0645715473613153
-1388.0,0.002000000415835123,0.0020346532157964627,-0.008588791783676974,-2.0926618270029715
-1387.0,0.0020000004249910793,0.002035128283395489,-0.008705511259504684,-2.1211042164943015
-1386.0,0.002000000434343094,0.0020356094095830344,-0.008823691242981362,-2.149902655533517
-1385.0,0.0020000004438952396,0.0020360966649815176,-0.00894334801977139,-2.179061120408858
-1384.0,0.002000000453651671,0.0020365901209440235,-0.009064498025296346,-2.2085836242158683
-1383.0,0.002000000463616627,0.002037089849560639,-0.00918715784557767,-2.238474217074317
-1382.0,0.0020000004737944304,0.002037595923664821,-0.009311344218072011,-2.268736986343723
-1381.0,0.002000000484189492,0.0020381084168398108,-0.009437074032502008,-2.2993760568381973
-1380.0,0.00200000049480631,0.0020386274034250836,-0.00956436433168034,-2.3303955910400562
-1379.0,0.0020000005056494737,0.0020391529585228377,-0.009693232312327351,-2.36179978931232
-1378.0,0.0020000005167236626,0.002039685158004526,-0.009823695325882892,-2.3935928901102463
-1377.0,0.0020000005280336516,0.0020402240785174232,-0.009955770879309695,-2.4257791701912788
-1376.0,0.00200000053958431,0.0020407697974912345,-0.010089476635890852,-2.458362944824038
-1375.0,0.002000000551380604,0.002041322393144745,-0.010224830416019683,-2.4913485679959555
-1374.0,0.0020000005634275998,0.0020418819444925056,-0.010361850197980504,-2.524740432619209
-1373.0,0.0020000005757304646,0.0020424485313515627,-0.010500554118722933,-2.558542970735613
-1372.0,0.002000000588294468,0.0020430222343482216,-0.010640960474626508,-2.5927606537196954
-1371.0,0.002000000601124984,0.002043603134924856,-0.010783087722257143,-2.627397992480353
-1370.0,0.0020000006142274953,0.0020441913153467525,-0.0109269544791138,-2.6624595376607028
-1369.0,0.0020000006276075922,0.002044786858708997,-0.01107257952436695,-2.6979498798365387
-1368.0,0.0020000006412709765,0.0020453898489434,-0.011219981799585946,-2.7338736497127027
-1367.0,0.002000000655223463,0.002046000370825461,-0.011369180409456895,-2.770235518317782
-1366.0,0.0020000006694709826,0.0020466185099813753,-0.01152019462249019,-2.8070401971969465
-1365.0,0.0020000006840195823,0.002047244352895075,-0.011673043871716714,-2.844292438602703
-1364.0,0.002000000698875431,0.002047877986915316,-0.011827747755373293,-2.881997035683738
-1363.0,0.0020000007140448177,0.0020485195002628003,-0.011984326037576761,-2.9201588226716977
-1362.0,0.002000000729534157,0.00204916898203734,-0.01214279864898538,-2.9587826750656405
-1361.0,0.00200000074534999,0.002049826522225058,-0.012303185687448514,-2.9978735098143905
-1360.0,0.002000000761498987,0.002050492211705634,-0.01246550741864382,-3.0374362854966415
-1359.0,0.0020000007779879506,0.002051166142259583,-0.01262978427670076,-3.077476002498542
-1358.0,0.002000000794823816,0.002051848406575578,-0.012796036864811065,-3.117997703188944
-1357.0,0.002000000812013657,0.002052539098257812,-0.01296428595582559,-3.159006472092193
-1356.0,0.002000000829564685,0.002053238311833396,-0.01313455249283607,-3.2005074360581425
-1355.0,0.0020000008474842547,0.0020539461427598006,-0.013306857589743244,-3.2425057644297537
-1354.0,0.0020000008657798654,0.0020546626874323346,-0.013481222531809054,-3.285006669207767
-1353.0,0.0020000008844591626,0.0020553880431916616,-0.013657668776193867,-3.328015405212694
-1352.0,0.002000000903529943,0.002056122308331361,-0.013836217952477916,-3.3715372702439725
-1351.0,0.002000000923000156,0.0020568655821055206,-0.014016891863165565,-3.4155776052359648
-1350.0,0.0020000009428779073,0.0020576179647363757,-0.014199712484173363,-3.460141794411068
-1349.0,0.0020000009631714606,0.0020583795574219818,-0.014384701965301344,-3.505235265429844
-1348.0,0.0020000009838892423,0.0020591504623439292,-0.014571882630685477,-3.5508634895376723
-1347.0,0.0020000010050398435,0.002059930782675096,-0.014761276979232905,-3.5970319817083807
-1346.0,0.0020000010266320225,0.002060720622587437,-0.014952907685038206,-3.643746300784436
-1345.0,0.00200000104867471,0.002061520087259819,-0.015146797597780771,-3.69101204961377
-1344.0,0.00200000107117701,0.0020623292828858826,-0.015342969743102198,-3.7388348751829903
-1343.0,0.002000001094148205,0.002063148316681956,-0.01554144732296454,-3.7872204687472393
-1342.0,0.002000001117597758,0.0020639772968949963,-0.015742253715986726,-3.8361745659560595
-1341.0,0.002000001141535316,0.0020648163328105744,-0.01594541247776161,-3.8857029469759277
-1340.0,0.0020000011659707146,0.002065665534760898,-0.01615094734114999,-3.9358114366085815
-1339.0,0.0020000011909139808,0.002066525014132871,-0.01635888221655366,-3.9865059044057034
-1338.0,0.0020000012163753356,0.0020673948833761927,-0.0165692411921657,-4.03779226477955
-1337.0,0.0020000012423651995,0.0020682752560114916,-0.016782048534197357,-4.089676477109416
-1336.0,0.0020000012688941946,0.002069166246638501,-0.016997328687082116,-4.142164545844129
-1335.0,0.0020000012959731496,0.0020700679709442695,-0.017215106273654867,-4.1952625206000995
-1334.0,0.0020000013236131024,0.0020709805457114097,-0.017435406095307592,-4.248976496255323
-1333.0,0.0020000013518253054,0.0020719040888263836,-0.017658253132118537,-4.3033126130386385
-1332.0,0.0020000013806212285,0.002072838719287827,-0.01788367254295712,-4.358277056614853
-1331.0,0.0020000014100125633,0.0020737845572149066,-0.018111689665561495,-4.413876058165004
-1330.0,0.0020000014400112275,0.0020747417238557203,-0.018342330016590296,-4.470115894462199
-1329.0,0.0020000014706293688,0.002075710341595728,-0.0185756192916463,-4.527002887942548
-1328.0,0.0020000015018793696,0.002076690533966223,-0.01881158336527293,-4.584543406771419
-1327.0,0.0020000015337738506,0.0020776824256528367,-0.019050248290921466,-4.642743864904601
-1326.0,0.0020000015663256764,0.002078686142504081,-0.01929164030088998,-4.701610722144641
-1325.0,0.0020000015995479585,0.0020797018115399283,-0.019535785806232688,-4.7611504841921155
-1324.0,0.0020000016334540613,0.0020807295609604217,-0.019782711396638196,-4.821369702691505
-1323.0,0.0020000016680576053,0.0020817695201543274,-0.020032443840278438,-4.882274975272178
-1322.0,0.002000001703372474,0.002082821819707819,-0.020285010083624964,-4.943872945583736
-1321.0,0.0020000017394128156,0.002083886591413194,-0.02054043725123401,-5.006170303326101
-1320.0,0.0020000017761930516,0.002084963968277633,-0.02079875264549874,-5.069173784274062
-1319.0,0.002000001813727879,0.0020860540845319847,-0.02105998374636848,-5.132890170296249
-1318.0,0.0020000018520322754,0.002087157075639591,-0.021324158211034158,-5.197326289368454
-1317.0,0.002000001891121507,0.002088273078305146,-0.021591303873579368,-5.262489015581185
-1316.0,0.0020000019310111306,0.0020894022304835855,-0.021861448744596158,-5.32838526914133
-1315.0,0.002000001971717,0.002090544671389013,-0.022134621010766055,-5.3950220163681095
-1314.0,0.0020000020132552735,0.002091700541503658,-0.022410849034403265,-5.46240626968265
-1313.0,0.0020000020556424163,0.002092869982586869,-0.02269016135296289,-5.530545087591934
-1312.0,0.002000002098895207,0.002094053137684137,-0.022972586678510775,-5.599445574666383
-1311.0,0.0020000021430307455,0.002095250151136153,-0.02325815389715418,-5.669114881510956
-1310.0,0.0020000021880664564,0.0020964611685878975,-0.023546892068435528,-5.739560204730365
-1309.0,0.0020000022340200957,0.0020976863369977635,-0.023838830424685806,-5.81078878688769
-1308.0,0.002000002280909757,0.0020989258046467075,-0.024133998370337518,-5.8828079164564056
-1307.0,0.002000002328753878,0.002100179721147436,-0.024432425481197548,-5.955624927766025
-1306.0,0.002000002377571246,0.002101448237453621,-0.024734141503678746,-6.029247200941127
-1305.0,0.002000002427381004,0.002102731505869147,-0.025039176353988352,-6.103682161833402
-1304.0,0.0020000024782026596,0.0021040296800573875,-0.025347560117275347,-6.178937281947318
-1303.0,0.002000002530056088,0.0021053429150505124,-0.025659323046733105,-6.255020078358599
-1302.0,0.002000002582961541,0.0021066713672588276,-0.025974495562659107,-6.331938113626029
-1301.0,0.0020000026369396537,0.0021080151944801373,-0.026293108251468543,-6.409698995695922
-1300.0,0.002000002692011451,0.0021093745559091445,-0.026615191864664454,-6.488310377799971
-1299.0,0.0020000027481983547,0.0021107496121468717,-0.026940777317759988,-6.567779958345499
-1298.0,0.0020000028055221905,0.002112140525210117,-0.02726989568915549,-6.648115480798876
-1297.0,0.0020000028640051962,0.002113547458540934,-0.027602578218967277,-6.729324733561428
-1296.0,0.0020000029236700275,0.0021149705770161387,-0.02793885630780868,-6.811415549838063
-1295.0,0.0020000029845397673,0.0021164100469568494,-0.028278761515522572,-6.894395807498556
-1294.0,0.0020000030466379324,0.002117866036138047,-0.028622325559864447,-6.9782734289313275
-1293.0,0.0020000031099884816,0.002119338713798164,-0.028969580315135097,-7.0630563808896145
-1292.0,0.0020000031746158237,0.0021208282506487027,-0.029320557810763367,-7.1487526743302485
-1291.0,0.002000003240544825,0.002122334818883873,-0.02967529022983658,-7.235370364244548
-1290.0,0.002000003307800819,0.0021238585921902614,-0.030033809907579694,-7.322917549481707
-1289.0,0.002000003376409613,0.002125399745756522,-0.03039614932978164,-7.411402372564399
-1288.0,0.0020000034463974973,0.0021269584562830907,-0.03076234113116776,-7.500833019496455
-1287.0,0.002000003517791255,0.0021285349019919252,-0.031132418093718604,-7.5912177195627795
-1286.0,0.0020000035906181696,0.00213012926263627,-0.031506413144934256,-7.682564745121416
-1285.0,0.002000003664906033,0.0021317417195104403,-0.03188435935604306,-7.774882411387619
-1284.0,0.002000003740683158,0.00213337245545963,-0.032266289940153604,-7.868179076209741
-1283.0,0.002000003817978383,0.002135021654889747,-0.03265223825035181,-7.962463139837533
-1282.0,0.0020000038968210855,0.0021366895037772593,-0.033042237777738896,-8.05774304468193
-1281.0,0.0020000039772411888,0.002138376189679073,-0.03343632214941218,-8.154027275066912
-1280.0,0.0020000040592691747,0.002140081901742424,-0.03383452512638708,-8.251324356973193
-1279.0,0.0020000041429360897,0.0021418068307147956,-0.0342368806014609,-8.349642857773977
-1278.0,0.002000004228273558,0.002143551168953846,-0.03464342259701421,-8.448991385961888
-1277.0,0.0020000043153137917,0.002145315110437368,-0.03505418526275454,-8.549378590868361
-1276.0,0.0020000044040895983,0.0021470988507732557,-0.03546920287339745,-8.65081316237442
-1275.0,0.002000004494634395,0.0021489025872094957,-0.03588850982628563,-8.75330383061311
-1274.0,0.0020000045869822177,0.0021507265186441736,-0.036312140638946604,-8.856859365663864
-1273.0,0.0020000046811677313,0.0021525708456354973,-0.03674012994658663,-8.961488577238368
-1272.0,0.0020000047772262422,0.0021544357704118386,-0.03717251249952171,-9.067200314358244
-1271.0,0.0020000048751937093,0.0021563214968817863,-0.03760932316054357,-9.174003465024185
-1270.0,0.002000004975106755,0.0021582282306442198,-0.03805059690222202,-9.281906955877004
-1269.0,0.0020000050770026777,0.002160156178998392,-0.03849636880414067,-9.390919751850024
-1268.0,0.002000005180919463,0.002162105550954032,-0.0389466740500685,-9.501050855813514
-1267.0,0.0020000052868957953,0.002164076557241455,-0.03940154792506322,-9.612309308210326
-1266.0,0.002000005394971073,0.0021660694103216886,-0.03986102581250843,-9.724704186683404
-1265.0,0.002000005505185417,0.0021680843243966127,-0.04032514319108387,-9.83824460569506
-1264.0,0.002000005617579686,0.0021701215154191064,-0.040793935631666854,-9.95293971613773
-1263.0,0.00200000573219549,0.0021721812011032075,-0.04126743879416463,-10.068798704936299
-1262.0,0.002000005849075201,0.0021742636009342868,-0.04174568842427983,-10.185830794642609
-1261.0,0.0020000059682619676,0.0021763689361792224,-0.04222872035020348,-10.30404524302101
-1260.0,0.0020000060897997296,0.0021784974298965946,-0.04271657047924109,-10.423451342626361
-1259.0,0.002000006213733231,0.0021806493069468766,-0.0432092747943649,-10.544058420373016
-1258.0,0.0020000063401080337,0.0021828247940026448,-0.04370686935069888,-10.665875837096461
-1257.0,0.002000006468970532,0.0021850241195587854,-0.04420939027192902,-10.788912987105975
-1256.0,0.0020000066003679675,0.002187247513942715,-0.044716873746644265,-10.913179297729766
-1255.0,0.002000006734348444,0.0021894952093246016,-0.04522935602460375,-11.038684228851592
-1254.0,0.002000006870960942,0.0021917674397275923,-0.04574687341293234,-11.165437272439588
-1253.0,0.0020000070102553337,0.0021940644410380476,-0.04626946227224378,-11.293447952067185
-1252.0,0.0020000071522824,0.0021963864510157706,-0.04679715901268782,-11.422725822425424
-1251.0,0.002000007297093845,0.00219873370930425,-0.047330000089927694,-11.553280468828333
-1250.0,0.002000007444742311,0.0022011064574408937,-0.04786802200104052,-11.685121506709704
-1249.0,0.0020000075952813987,0.002203504938867274,-0.04841126128034474,-11.81825858111237
-1248.0,0.0020000077487656786,0.0022059293989393626,-0.04895975449515326,-11.952701366169848
-1247.0,0.0020000079052507123,0.0022083800849377723,-0.049513538241450855,-12.088459564580072
-1246.0,0.0020000080647930678,0.0022108572460779953,-0.05007264913949744,-12.225542907071784
-1245.0,0.0020000082274503356,0.002213361133520638,-0.05063712382935619,-12.363961151863414
-1244.0,0.002000008393281149,0.002215892000381654,-0.051206998966345056,-12.503724084114255
-1243.0,0.0020000085623452,0.002218450101742572,-0.05178231121641423,-12.644841515368674
-1242.0,0.0020000087347032593,0.002221035694660722,-0.05236309725144647,-12.78732328299271
-1241.0,0.002000008910417193,0.0022236490381794503,-0.052949393744482556,-12.931179249603755
-1240.0,0.002000009089549983,0.002226290393338336,-0.05354123736487052,-13.07641930249307
-1239.0,0.0020000092721657453,0.0022289600231833926,-0.0541386647733382,-13.223053353041186
-1238.0,0.00200000945832975,0.002231658192777266,-0.0547417126169906,-13.371091336126616
-1237.0,0.0020000096481084416,0.002234385169209422,-0.05535041752423022,-13.520543209527562
-1236.0,0.0020000098415694574,0.0022371412216063247,-0.05596481609960235,-13.671418953317191
-1235.0,0.0020000100387816497,0.0022399266211416014,-0.05658494491856265,-13.823728569251967
-1234.0,0.002000010239815106,0.0022427416410462026,-0.057210840522170785,-13.977482080153967
-1233.0,0.00200001044474117,0.0022455865566185394,-0.05784253941170588,-14.13268952928636
-1232.0,0.002000010653632463,0.0022484616452346155,-0.058480078043207685,-14.289360979722954
-1231.0,0.002000010866562906,0.002251367186358142,-0.05912349282194116,-14.447506513711462
-1230.0,0.0020000110836077426,0.002254303461550635,-0.05977282009678618,-14.607136232030868
-1229.0,0.0020000113048435596,0.0022572707544815007,-0.060428096154551365,-14.768260253342797
-1228.0,0.0020000115303483116,0.0022602693509380985,-0.061089357214212825,-14.930888713537122
-1227.0,0.0020000117602013436,0.0022632995388357897,-0.06175663942107851,-15.09503176507203
-1226.0,0.002000011994483415,0.0022663616082279642,-0.06242997884087734,-15.260699576308411
-1225.0,0.0020000122332767237,0.0022694558513160494,-0.06310941145377495,-15.427902330839089
-1224.0,0.0020000124766649295,0.002272582562459495,-0.0637949731483148,-15.596650226812555
-1223.0,0.0020000127247331795,0.0022757420381857366,-0.06448669971528624,-15.76695347625176
-1222.0,0.0020000129775681343,0.0022789345772001365,-0.06518462684151952,-15.938822304367832
-1221.0,0.0020000132352579925,0.002282160480395901,-0.06588879010360847,-16.11226694886907
-1220.0,0.002000013497892517,0.0022854200508639682,-0.06659922496156043,-16.287297659264993
-1219.0,0.0020000137655630606,0.002288713593902874,-0.0673159667523758,-16.46392469616615
-1218.0,0.0020000140383625944,0.002292041417028587,-0.06803905068355574,-16.642158330579218
-1217.0,0.002000014316385735,0.0022954038299843184,-0.06876851182653997,-16.82200884319794
-1216.0,0.00200001459972877,0.0022988011447502973,-0.06950438511007506,-17.00348652368994
-1215.0,0.002000014888489689,0.0023022336755535193,-0.0702467053135136,-17.186601669979474
-1214.0,0.0020000151827682107,0.0023057017388774617,-0.07099550706004511,-17.371364587526315
-1213.0,0.002000015482665812,0.0023092056534717645,-0.0717508248098599,-17.55778558860099
-1212.0,0.002000015788285757,0.0023127457403618805,-0.0725126928532464,-17.745874991556477
-1211.0,0.0020000160997331296,0.0023163223228586847,-0.07328114530362148,-17.93564312009613
-1210.0,0.0020000164171148603,0.0023199357265680535,-0.0740562160904983,-18.127100302538917
-1209.0,0.0020000167405397604,0.0023235862794004003,-0.07483793895238745,-18.320256871080765
-1208.0,0.002000017070118551,0.0023272743115801786,-0.0756263474296383,-18.515123161053694
-1207.0,0.002000017405963896,0.0023310001556553386,-0.07642147485721539,-18.711709510181322
-1206.0,0.0020000177481904347,0.002334764146506747,-0.07722335435741612,-18.910026257832087
-1205.0,0.0020000180969148153,0.0023385666213575637,-0.07803201883252801,-19.110083744269737
-1204.0,0.0020000184522557265,0.0023424079197825734,-0.0788475009574272,-19.311892309901264
-1203.0,0.0020000188143339333,0.0023462883837174747,-0.07966983317212033,-19.5154622945227
-1202.0,0.00200001918327231,0.0023502083574681214,-0.08049904767422976,-19.720804036562463
-1201.0,0.002000019559195877,0.0023541681877197163,-0.08133517641142368,-19.927927872322673
-1200.0,0.002000019942231836,0.002358168223545961,-0.08217825107379392,-20.136844135218638
-1199.0,0.002000020332509604,0.002362208816418147,-0.08302830308618012,-20.347563155016214
-1198.0,0.0020000207301608527,0.0023662903202142063,-0.0838853636004452,-20.560095257067847
-1197.0,0.002000021135319546,0.0023704130912277016,-0.08474946348769888,-20.7744507615463
-1196.0,0.002000021548121975,0.002374577488176768,-0.08562063333047697,-20.990639982677756
-1195.0,0.0020000219687068,0.002378783872212997,-0.08649890341487157,-21.208673227972714
-1194.0,0.002000022397215086,0.002383032606930265,-0.08738430372261818,-21.428560797455912
-1193.0,0.002000022833790346,0.002387324058373507,-0.08827686392314034,-21.650312982895162
-1192.0,0.002000023278578579,0.002391658595047426,-0.08917661336555145,-21.873940067028556
-1191.0,0.0020000237317283113,0.0023960365879251476,-0.09008358107061963,-22.099452322791254
-1190.0,0.002000024193390639,0.0024004584104568125,-0.09099779572269275,-22.326860012540717
-1189.0,0.0020000246637192688,0.002404924438578102,-0.09191928566158926,-22.55617338728142
-1188.0,0.0020000251428705625,0.002409435050718704,-0.09284807887445404,-22.787402685888406
-1187.0,0.0020000256310035796,0.0024139906278107122,-0.09378420298758332,-23.020558134330333
-1186.0,0.002000026128280121,0.0024185915532969567,-0.0947276852582192,-23.255649944891633
-1185.0,0.002000026634864775,0.0024232382131392696,-0.09567855256631637,-23.492688315393977
-1184.0,0.0020000271509249628,0.0024279309958266768,-0.09663683140628267,-23.731683428417064
-1183.0,0.002000027676630984,0.0024326702923835233,-0.09760254787869653,-23.972645450518836
-1182.0,0.0020000282121560636,0.002437456496377522,-0.09857572768200284,-24.215584531455125
-1181.0,0.0020000287576764013,0.002442290003927732,-0.09955639610418886,-24.4605108033985
-1180.0,0.002000029313371218,0.002447171213712458,-0.1005445780144438,-24.707434380156727
-1179.0,0.0020000298794228054,0.0024521005269770766,-0.10154029785480347,-24.95636535639055
-1178.0,0.0020000304560165777,0.0024570783475417815,-0.10254357963178215,-25.20731380683079
-1177.0,0.00200003104334112,0.0024621050818092512,-0.10355444690799515,-25.460289785494922
-1176.0,0.0020000316415882415,0.0024671811387722343,-0.10457292279377317,-25.715303324902877
-1175.0,0.0020000322509530263,0.002472306930021051,-0.10559902993877204,-25.972364435292217
-1174.0,0.0020000328716338876,0.0024774828697510156,-0.10663279052357993,-26.23148310383251
-1173.0,0.0020000335038326215,0.0024827093747697643,-0.10767422625132358,-26.49266929383869
-1172.0,0.0020000341477544614,0.0024879868645045064,-0.10872335833927889,-26.755932943983908
-1171.0,0.002000034803608133,0.0024933157610091796,-0.10978020751048564,-27.021283967511067
-1170.0,0.002000035471605912,0.0024986964889715164,-0.11084479398536988,-27.288732251443285
-1169.0,0.0020000361519636805,0.0025041294757200227,-0.1119171374733783,-27.558287655793414
-1168.0,0.0020000368449009844,0.002509615151230858,-0.11299725716462485,-27.82996001277198
-1167.0,0.0020000375506410944,0.0025151539481346233,-0.11408517172155408,-28.10375912599379
-1166.0,0.0020000382694110633,0.0025207463017230536,-0.11518089927062408,-28.379694769683063
-1165.0,0.0020000390014417897,0.0025263926499556116,-0.11628445739401054,-28.657776687876652
-1164.0,0.0020000397469680767,0.002532093433465981,-0.11739586312133655,-28.93801459362555
-1163.0,0.002000040506228697,0.002537849095568459,-0.1185151329214294,-29.2204181681941
-1162.0,0.002000041279466454,0.0025436600822642485,-0.11964228269410938,-29.50499706025729
-1161.0,0.00200004206692825,0.0025495268422476456,-0.12077732776201183,-29.79176088509536
-1160.0,0.0020000428688651465,0.0025554498269121156,-0.1219202828624457,-30.080719223785717
-1159.0,0.0020000436855324363,0.002561429490356271,-0.12307116213929292,-30.37188162239211
-1158.0,0.0020000445171897067,0.0025674662893897327,-0.12422997913495079,-30.665257591150674
-1157.0,0.00200004536410091,0.0025735606835388847,-0.12539674678232005,-30.960856603652484
-1156.0,0.002000046226534431,0.0025797131350525147,-0.12657147739684332,-31.258688096022677
-1155.0,0.002000047104763162,0.0025859241089073426,-0.12775418266859512,-31.558761466095433
-1154.0,0.0020000479990645694,0.0025921940728134297,-0.12894487365442867,-31.86108607258501
-1153.0,0.002000048909720768,0.002598523497219475,-0.13014356077018147,-32.16567123425224
-1152.0,0.002000049837018596,0.0026049128553179927,-0.13135025378294324,-32.472526229066204
-1151.0,0.0020000507812496893,0.0026113626230503603,-0.13256496180338875,-32.78166029336068
-1150.0,0.0020000517427105555,0.0026178732791117608,-0.13378769327818185,-33.093082620985676
-1149.0,0.0020000527217026542,0.0026244453049559828,-0.13501845598244838,-33.406802362452346
-1148.0,0.002000053718532472,0.0026310791848001094,-0.1362572570123282,-33.722828624072754
-1147.0,0.0020000547335116046,0.0026377754056290705,-0.13750410277760336,-34.04117046709231
-1146.0,0.0020000557669568354,0.0026445344572000734,-0.13875899899441063,-34.361836906815945
-1145.0,0.002000056819190218,0.0026513568320468955,-0.1400219506780384,-34.68483691172676
-1144.0,0.002000057890539159,0.0026582430254840474,-0.14129296213581272,-35.01017940259689
-1143.0,0.0020000589813365024,0.002665193535610806,-0.14257203696007692,-35.337873251590814
-1142.0,0.002000060091920614,0.0026722088633151057,-0.14385917802126638,-35.66792728135983
-1141.0,0.00200006122263547,0.0026792895122772944,-0.1451543874610816,-36.000350264127576
-1140.0,0.0020000623738307428,0.00268643598897375,-0.14645766668576576,-36.33515092076659
-1139.0,0.002000063545861891,0.002693648802680357,-0.14776901635948705,-36.67233791986481
-1138.0,0.0020000647390902506,0.0027009284654758354,-0.14908843639783062,-37.01191987678197
-1137.0,0.0020000659538831254,0.002708275492244934,-0.15041592596140416,-37.35390535269542
-1136.0,0.002000067190613882,0.002715690400681466,-0.15175148344955816,-37.69830285363455
-1135.0,0.0020000684496620414,0.002723173711291209,-0.15309510649422844,-38.04512082950421
-1134.0,0.002000069731413379,0.0027307259473946383,-0.15444679195389757,-38.39436767309495
-1133.0,0.0020000710362600175,0.0027383476351295305,-0.15580653590768762,-38.74605171908217
-1132.0,0.0020000723646005298,0.0027460393034533922,-0.15717433364957803,-39.10018124301085
-1131.0,0.002000073716840036,0.002753801484145746,-0.15855017968275947,-39.456764460267586
-1130.0,0.0020000750933903055,0.002761634711810256,-0.15993406771412308,-39.81580952503836
-1129.0,0.0020000764946698614,0.0027695395238766947,-0.1613259906488891,-40.1773245292517
-1128.0,0.0020000779211040848,0.002777516460602748,-0.16272594058537831,-40.54131750150673
-1127.0,0.002000079373125319,0.00278556606507566,-0.16413390880993084,-40.9077964059861
-1126.0,0.002000080851172979,0.0027936888832137104,-0.16554988579197266,-41.27676914135233
-1125.0,0.00200008235569366,0.0028018854637675275,-0.16697386117923527,-41.64824353962787
-1124.0,0.002000083887141249,0.002810156358321234,-0.1684058237931316,-42.022227365058164
-1123.0,0.002000085445977035,0.002818502121293423,-0.16984576162429052,-42.39872831295714
-1122.0,0.0020000870326698245,0.002826923309937959,-0.17129366182825237,-42.777754008534416
-1121.0,0.0020000886476960575,0.002835420484344608,-0.17274951072133055,-43.15931200570419
-1120.0,0.0020000902915399232,0.0028439942074394956,-0.1742132937766406,-43.543409785875035
-1119.0,0.0020000919646934795,0.002852645044985381,-0.17568499562030065,-43.93005475672017
-1118.0,0.0020000936676567737,0.0028613735655817554,-0.1771646000278046,-44.31925425092752
-1117.0,0.002000095400937966,0.002870180340664764,-0.1786520899205734,-44.71101552492951
-1116.0,0.0020000971650534502,0.002879065944506936,-0.18014744736268531,-45.10534575761185
-1115.0,0.0020000989605279836,0.0028880309542167375,-0.18165065355778817,-45.50225204900073
-1114.0,0.0020001007878948113,0.0028970759497379353,-0.18316168884619716,-45.901741418928275
-1113.0,0.002000102647695798,0.002906201513848774,-0.18468053270218035,-46.30382080567564
-1112.0,0.002000104540481558,0.002915408232160959,-0.18620716373143417,-46.708497064593324
-1111.0,0.002000106466811587,0.0029246966931184533,-0.18774155966875247,-47.11577696669841
-1110.0,0.0020001084272544003,0.002934067487996076,-0.1892836973758899,-47.52566719724799
-1109.0,0.0020001104223876676,0.002943521210897908,-0.19083355283962414,-47.938174354288854
-1108.0,0.002000112452798352,0.002953058458755496,-0.1923911011700175,-48.35330494718269
-1107.0,0.0020001145190828504,0.002962679831325864,-0.1939563165988816,-48.771065395106675
-1106.0,0.002000116621847138,0.0029723859311893163,-0.19552917247844603,-49.191462025528864
-1105.0,0.002000118761706912,0.0029821773637470424,-0.19710964128023437,-49.61450107265837
-1104.0,0.0020001209392877368,0.0029920547372185146,-0.19869769459414888,-50.04018867586978
-1103.0,0.0020001231552251955,0.0030020186626386787,-0.20029330312776597,-50.46853087810158
-1102.0,0.0020001254101650406,0.0030120697538549386,-0.2018964367058442,-50.89953362422833
-1101.0,0.002000127704763344,0.0030222086275239245,-0.20350706427004764,-51.33320275940653
-1100.0,0.002000130039686657,0.0030324359031080566,-0.20512515387888466,-51.76954402739358
-1099.0,0.0020001324156121627,0.003042752202871888,-0.2067506727078655,-52.20856306884001
-1098.0,0.0020001348332278402,0.0030531581518782325,-0.20838358704987864,-52.65026541955452
-1097.0,0.0020001372932326226,0.0030636543779840797,-0.2100238623157893,-53.09465650874209
-1096.0,0.0020001397963365637,0.00307424151183628,-0.2116714630352588,-53.5417416572143
-1095.0,0.002000142343261002,0.003084920186867022,-0.21332635285779053,-53.99152607557308
-1094.0,0.002000144934738732,0.0030956910392890683,-0.21498849455399674,-54.44401486236583
-1093.0,0.0020001475715141722,0.003106554708090785,-0.21665785001709595,-54.89921300221437
-1092.0,0.0020001502543435415,0.0031175118350309254,-0.21833438026463356,-55.35712536391521
-1091.0,0.0020001529839950324,0.003128563064633204,-0.22001804544043424,-55.81775669851353
-1090.0,0.002000155761248991,0.0031397090441806176,-0.22170880481677935,-56.28111163734864
-1089.0,0.002000158586898095,0.003150950423709553,-0.22340661679681784,-56.74719469007331
-1088.0,0.00200016146174754,0.003162287856003651,-0.22511143891720448,-57.216010242645126
-1087.0,0.002000164386615224,0.003173721996587428,-0.22682322785096962,-57.68756255529108
-1086.0,0.002000167362331933,0.0031852535037196735,-0.22854193941062184,-58.16185576044594
-1085.0,0.0020001703897415363,0.0031968830383865953,-0.2302675285514795,-58.638893860663366
-1084.0,0.0020001734697011764,0.003208611264294728,-0.23199994937523594,-59.11868072650137
-1083.0,0.002000176603081466,0.0032204388478635957,-0.23373915513375565,-59.601220094381574
-1082.0,0.0020001797907666864,0.0032323664582181288,-0.23548509823310274,-60.08651556442319
-1081.0,0.0020001830336549907,0.0032443947671808356,-0.23723773023780012,-60.57457059825144
-1080.0,0.002000186332658604,0.003256524449263721,-0.23899700187532236,-61.06538851678204
-1079.0,0.0020001896887040346,0.0032687561816599556,-0.24076286304081648,-61.558972497980434
-1078.0,0.002000193102732282,0.0032810906442352935,-0.2425352628020567,-62.05532557459833
-1077.0,0.002000196575699047,0.00329352851951923,-0.2443141494046273,-62.55445063188646
-1076.0,0.002000200108574952,0.0033060704926959118,-0.24609947027733578,-63.05635040528509
-1075.0,0.0020002037023457556,0.003318717251594775,-0.24789117203785418,-63.561027478092456
-1074.0,0.002000207358012575,0.003331469486680937,-0.24968920049858892,-64.06848427911214
-1073.0,0.0020002110765921103,0.003344327891045318,-0.25149350067277726,-64.57872308028
-1072.0,0.002000214859116873,0.0033572931603945005,-0.253304016780809,-65.09174599427116
-1071.0,0.002000218706635413,0.0033703659930403237,-0.2551206922567736,-65.60755497208844
-1070.0,0.002000222620212557,0.0033835470898892096,-0.25694346975522925,-66.12615180063236
-1069.0,0.0020002266009296406,0.0033968371544312232,-0.258772291158195,-66.64753810025435
-1068.0,0.0020002306498847506,0.0034102368927288545,-0.26060709758236156,-67.17171532229347
-1067.0,0.002000234768192967,0.0034237470134055375,-0.26244782938652245,-67.69868474659822
-1066.0,0.0020002389569866103,0.0034373682276338862,-0.2642944261792196,-68.2284474790337
-1065.0,0.0020002432174154893,0.0034511012491236634,-0.26614682682660623,-68.76100444897621
-1064.0,0.0020002475506471556,0.003464946794109457,-0.26800496946051977,-69.29635640679513
-1063.0,0.002000251957867159,0.003478905581338098,-0.26986879148676846,-69.83450392132461
-1062.0,0.002000256440279307,0.003492978332055777,-0.2717382295936239,-70.37544737732509
-1061.0,0.0020002609991059297,0.00350716576999489,-0.2736132197605213,-70.91918697293647
-1060.0,0.0020002656355881426,0.0035214686213605956,-0.2754936972669627,-71.46572271712417
-1059.0,0.002000270350986121,0.003535887614817086,-0.2773795967016219,-72.01505442711917
-1058.0,0.0020002751465793703,0.003550423481473569,-0.27927085197164736,-72.56718172585359
-1057.0,0.0020002800236670055,0.0035650769548699664,-0.2811673963121619,-73.12210403939316
-1056.0,0.0020002849835680315,0.003579848770962309,-0.2830691622959535,-73.67982059436756
-1055.0,0.002000290027621627,0.003594739668107855,-0.2849760818433589,-74.24033041540108
-1054.0,0.0020002951571874332,0.003609750387049898,-0.28688808623233114,-74.8036323225439
-1053.0,0.0020003003736458478,0.0036248816709022885,-0.2888051061086933,-75.36972492870638
-1052.0,0.002000305678398319,0.003640134265133658,-0.2907270714965715,-75.93860663709754
-1051.0,0.002000311072867644,0.0036555089175513357,-0.2926539118090064,-76.51027563866957
-1050.0,0.0020003165584982783,0.003671006378284976,-0.29458555585873664,-77.08472990956939
-1049.0,0.002000322136756637,0.0036866273997698696,-0.29652193186915454,-77.6619672085998
-1048.0,0.0020003278091314113,0.0037023727367299676,-0.2984629674854279,-78.24198507469126
-1047.0,0.0020003335771338823,0.00371824314616058,-0.30040858978578383,-78.82478082438581
-1046.0,0.0020003394422982413,0.0037342393873107884,-0.30235872529295416,-79.41035154933613
-1045.0,0.002000345406181914,0.0037503622216655324,-0.30431329998577394,-79.99869411381951
-1044.0,0.0020003514703658895,0.0037666124129273953,-0.30627223931093256,-80.5898051522703
-1043.0,0.0020003576364550513,0.003782990726998077,-0.3082354681948727,-81.1836810668317
-1042.0,0.002000363906078517,0.003799497931959552,-0.31020291105583153,-81.78031802492875
-1041.0,0.0020003702808899767,0.0038161347980549126,-0.31217449181602275,-82.37971195686491
-1040.0,0.002000376762568039,0.0038329020976689008,-0.3141501339139523,-82.98185855344335
-1039.0,0.0020003833528165847,0.0038498006053081166,-0.31612976031686524,-83.58675326361526
-1038.0,0.0020003900533651156,0.00386683109758091,-0.3181132935333197,-84.19439129215708
-1037.0,0.002000396865969119,0.0038839943531769573,-0.3201006556258813,-84.80476759737812
-1036.0,0.0020004037924104294,0.0039012911528465066,-0.3220917682239369,-85.41787688886113
-1035.0,0.002000410834497595,0.003918722279379308,-0.3240865525366199,-86.0337136252372
-1034.0,0.002000417994066255,0.003936288517583217,-0.3260849293658436,-86.6522720119966
-1033.0,0.002000425272979514,0.003953990654262476,-0.3280868191194411,-87.2735459993392
-1032.0,0.002000432673128327,0.0039718294781956555,-0.33009214182439944,-87.89752928006334
-1031.0,0.0020004401964318855,0.003989805780113286,-0.3321008171401923,-88.52421528749828
-1030.0,0.002000447844838011,0.004007920352675151,-0.33411276437220083,-89.1535971934804
-1029.0,0.002000455620323553,0.0040261739904472425,-0.3361279024852174,-89.78566790637457
-1028.0,0.0020004635248947896,0.0040445674898784,-0.3381461501170322,-90.42042006914461
-1027.0,0.002000471560587838,0.004063101649276599,-0.34016742559209157,-91.05784605747233
-1026.0,0.0020004797294690653,0.004081777268784924,-0.34219164693522963,-91.69793797792934
-1025.0,0.0020004880336355075,0.004100595150357185,-0.34421873188546137,-92.34068766620126
-1024.0,0.0020004964752152925,0.004119556097733221,-0.3462485979098395,-92.9860866853685
-1023.0,0.0020005050563680687,0.004138660916413838,-0.34828116221736277,-93.6341263242431
-1022.0,0.0020005137792854393,0.0041579104136354305,-0.350316341772937,-94.28479759576541
-1021.0,0.0020005226461914023,0.004177305398344258,-0.35235405331137987,-94.9380912354614
-1020.0,0.002000531659342794,0.004196846681170371,-0.354394213351466,-95.59399769996263
-1019.0,0.0020005408210297428,0.004216535074401202,-0.35643673821000615,-96.25250716559032
-1018.0,0.0020005501335761205,0.004236371391954813,-0.3584815440159579,-96.91360952700607
-1017.0,0.002000559599340009,0.004256356449352797,-0.36052854672455914,-97.57729439593007
-1016.0,0.002000569220714165,0.004276491063692838,-0.362577662131483,-98.24355109992885
-1015.0,0.0020005790001264958,0.004296776053620912,-0.3646288058870054,-98.91236868127407
-1014.0,0.0020005889400405356,0.00431721223930316,-0.36668189351018465,-99.58373589587458
-1013.0,0.002000599042955935,0.004337800442397396,-0.368736840403043,-100.25764121228202
-1012.0,0.002000609311408948,0.0043585414860242795,-0.37079356186474993,-100.93407281077303
-1011.0,0.002000619747972932,0.00437943619473812,-0.372851973105798,-101.61301858250826
-1010.0,0.0020006303552588525,0.004400485394497352,-0.3749119892621691,-102.29446612877047
-1009.0,0.0020006411359157887,0.004421689912634641,-0.3769735254094854,-102.97840276028279
-1008.0,0.0020006520926314536,0.004443050577826645,-0.37903649657713884,-103.66481549660861
-1007.0,0.002000663228132715,0.004464568220063421,-0.38110081776239574,-104.35369106563418
-1006.0,0.0020006745451861237,0.004486243670617481,-0.38316640394447193,-105.0450159031359
-1005.0,0.0020006860465984497,0.004508077762012484,-0.3852331700985703,-105.73877615243215
-1004.0,0.002000697735217224,0.00453007132799158,-0.3873010312098807,-106.43495766412259
-1003.0,0.002000709613931286,0.004552225203485396,-0.3893699022875336,-107.13354599591456
-1002.0,0.0020007216856713396,0.004574540224579666,-0.391439698378505,-107.8345264125386
-1001.0,0.002000733953410516,0.004597017228482494,-0.39351033458146556,-108.53788388575329
-1000.0,0.0020007464201649405,0.004619657053491279,-0.39558172606057274,-109.24360309444145
-999.0,0.002000759088994309,0.0046424605389592585,-0.39765378805919765,-109.95166842479745
-998.0,0.0020007719630024717,0.004665428525261707,-0.39972643591358425,-110.662063970607
-997.0,0.0020007850453380212,0.004688561853761769,-0.4017995850664362,-111.37477353362057
-996.0,0.0020007983391948903,0.0047118613667759355,-0.40387315108042626,-112.08978062402042
-995.0,0.0020008118478129556,0.004735327907539152,-0.40594704965162337,-112.80706846098215
-994.0,0.0020008255744786486,0.004758962320169575,-0.4080211966228356,-113.526619973332
-993.0,0.0020008395225255757,0.00478276544963296,-0.4100955079968606,-114.24841780029905
-992.0,0.0020008536953351422,0.004806738141706686,-0.41216989994964404,-114.97244429236451
-991.0,0.002000868096337188,0.004830881242943428,-0.4142442888433376,-115.69868151220695
-990.0,0.0020008827290106273,0.004855195600634447,-0.4163185912392547,-116.42711123574448
-989.0,0.0020008975968840983,0.004879682062772546,-0.41839272391072135,-117.15771495327493
-988.0,0.002000912703536619,0.004904341478014623,-0.42046660385581325,-117.89047387071211
-987.0,0.0020009280525982525,0.004929174695643908,-0.4225401483099819,-118.62536891092091
-986.0,0.002000943647750778,0.004954182565531788,-0.4246132747585595,-119.36238071514894
-985.0,0.0020009594927283742,0.004979365938099304,-0.42668590094914405,-120.10148964455655
-984.0,0.0020009755913183032,0.005004725664278268,-0.4287579449038581,-120.8426757818439
-983.0,0.0020009919473616103,0.005030262595472013,-0.4308293249314787,-121.58591893297576
-982.0,0.0020010085647538278,0.005055977583515789,-0.43289995963943395,-122.33119862900307
-981.0,0.002001025447445688,0.0050818714806367855,-0.43496976794566505,-123.07849412798186
-980.0,0.0020010425994438446,0.005107945139413796,-0.4370386690903488,-123.82778441698866
-979.0,0.0020010600248116027,0.005134199412736507,-0.4391065826474763,-124.57904821423169
-978.0,0.002001077727669658,0.005160635153764442,-0.4411734285362886,-125.3322639712583
-977.0,0.0020010957121968428,0.005187253215885521,-0.44323912703256174,-126.08740987525724
-976.0,0.002001113982630883,0.00521405445267426,-0.4453035987797415,-126.84446385145549
-975.0,0.0020011325432691615,0.005241039717849623,-0.44736676479992404,-127.60340356560921
-974.0,0.002001151398469494,0.0052682098652324875,-0.44942854650467834,-128.36420642658743
-973.0,0.00200117055265091,0.005295565748702754,-0.45148886570571006,-129.1268495890484
-972.0,0.0020011900102944445,0.005323108222156101,-0.4535476446253633,-129.89130995620727
-971.0,0.0020012097759439405,0.005350838139460365,-0.45560480590695673,-130.65756418269444
-970.0,0.002001229854206858,0.005378756354411561,-0.45766027262495357,-131.42558867750319
-969.0,0.0020012502497550933,0.005406863720689546,-0.4597139682949621,-132.19535960702612
-968.0,0.00200127096732581,0.005435161091813308,-0.4617658168835639,-132.96685289817867
-967.0,0.0020012920117222755,0.005463649321095906,-0.4638157428179698,-133.7400442416091
-966.0,0.0020013133878147103,0.005492329261599041,-0.46586367099549947,-134.51490909499316
-965.0,0.002001335100541147,0.005521201766087269,-0.4679095267928834,-135.29142268641266
-964.0,0.0020013571549082954,0.005550267686981849,-0.4699532360753867,-136.0695600178164
-963.0,0.0020013795559924237,0.0055795278763142424,-0.4719947252057508,-136.84929586856177
-962.0,0.0020014023089402443,0.005608983185679241,-0.47403392105295367,-137.6306047990361
-961.0,0.0020014254189698122,0.005638634466187736,-0.47607075100078483,-138.41346115435567
-960.0,0.0020014488913714336,0.005668482568419146,-0.4781051429562367,-139.1978390681416
-959.0,0.002001472731508584,0.0056985283423734625,-0.48013702535770747,-139.98371246637
-958.0,0.0020014969448188375,0.005728772637422964,-0.4821663271830173,-140.77105507129556
-957.0,0.0020015215368148057,0.005759216302263557,-0.4841929779572353,-141.5598404054468
-956.0,0.0020015465130850895,0.005789860184865768,-0.48621690776031573,-142.35004179569037
-955.0,0.002001571879295238,0.00582070513242538,-0.48823804723454445,-143.14163237736395
-954.0,0.0020015976411887214,0.0058517519913137235,-0.4902563275917925,-143.93458509847474
-953.0,0.002001623804587912,0.005883001607027601,-0.4922716806205785,-144.72887272396264
-952.0,0.0020016503753950816,0.005914454824138876,-0.494284038692936,-145.52446784002493
-951.0,0.002001677359593402,0.005946112486243695,-0.4962933347710892,-146.32134285850222
-950.0,0.0020017047632479626,0.005977975435911384,-0.4982995024139337,-147.11947002132237
-949.0,0.0020017325925068,0.006010044514632967,-0.5003024757833221,-147.91882140500041
-948.0,0.0020017608536019335,0.0060423205627693636,-0.502302189650156,-148.71936892519352
-947.0,0.0020017895528504173,0.0060748044194992275,-0.5042985794002824,-149.5210843413074
-946.0,0.0020018186966554033,0.0061074969227664444,-0.5062915810401957,-150.32393926115373
-945.0,0.0020018482915072125,0.006140398909227286,-0.5082811312025435,-151.12790514565484
-944.0,0.0020018783439844237,0.006173511214197225,-0.5102671671514386,-151.9329533135945
-943.0,0.0020019088607549696,0.006206834671597398,-0.5122496267875759,-152.73905494641258
-942.0,0.002001939848577247,0.006240370113900746,-0.5142284486531545,-153.546181093041
-941.0,0.002001971314301238,0.00627411837207781,-0.5162035719366063,-154.35430267477926
-940.0,0.0020020032648696475,0.0063080802755421895,-0.5181749364771294,-155.16339049020633
-939.0,0.0020020357073190463,0.0063422566520956545,-0.5201424827690299,-155.97341522012823
-938.0,0.0020020686487810333,0.006376648327872954,-0.5221061519658698,-156.78434743255764
-937.0,0.002002102096483406,0.006411256127286265,-0.5240658858844243,-157.59615758772424
-936.0,0.0020021360577513465,0.006446080872969317,-0.5260216270084446,-158.4088160431121
-935.0,0.0020021705400086187,0.006481123385721208,-0.5279733184922342,-159.22229305852426
-934.0,0.0020022055507787797,0.006516384484449863,-0.529920904164033,-160.03655880116963
-933.0,0.0020022410976864038,0.006551864986115195,-0.5318643285292128,-160.85158335077142
-932.0,0.002002277188458318,0.006587565705671923,-0.5338035367732864,-161.6673367046948
-931.0,0.002002313830924856,0.006623487456012084,-0.5357384747647284,-162.48378878309057
-930.0,0.002002351033021119,0.006659631047907215,-0.537669089057612,-163.3009094340536
-929.0,0.0020023888027882564,0.006695997289950221,-0.5395953268940602,-164.1186684387928
-928.0,0.0020024271483747537,0.006732586988496936,-0.5415171362065151,-164.93703551681145
-927.0,0.0020024660780377413,0.006769400947607349,-0.5434344656198254,-165.75598033109475
-926.0,0.0020025056001443126,0.006806439968986553,-0.545347264453153,-166.5754724933023
-925.0,0.002002545723172856,0.0068437048519253444,-0.5472554827217009,-167.39548156896396
-924.0,0.0020025864557144052,0.006881196393240548,-0.549159071138264,-168.21597708267583
-923.0,0.002002627806473998,0.006918915387215023,-0.5510579811146058,-169.0369285232961
-922.0,0.002002669784272057,0.00695686262553737,-0.5529521647626575,-169.8583053491352
-921.0,0.002002712398045775,0.006995038897241326,-0.554841574895548,-170.68007699314182
-920.0,0.0020027556568505264,0.007033444988644889,-0.5567261650284606,-171.5022128680796
-919.0,0.002002799569861284,0.007072081683289119,-0.5586058893793239,-172.32468237169454
-918.0,0.002002844146374057,0.0071109497618766565,-0.5604807028693324,-173.14745489186956
-917.0,0.00200288939580734,0.007150050002209958,-0.5623505611233033,-173.97049981176434
-916.0,0.002002935327703579,0.007189383179129225,-0.5642154204698708,-174.7937865149393
-915.0,0.0020029819517306544,0.007228950064450073,-0.5660752379415175,-175.61728439046036
-914.0,0.002003029277683376,0.007268751426900892,-0.567929971274447,-176.4409628379833
-913.0,0.0020030773154849973,0.007308788032059942,-0.5697795789082998,-177.26479127281547
-912.0,0.002003126075188741,0.007349060642292168,-0.571624019985713,-178.08873913095283
-911.0,0.0020031755669793453,0.007389570016685739,-0.5734632543517274,-178.91277587409039
-910.0,0.002003225801174623,0.007430316910988311,-0.5752972425530427,-179.7368709946038
-909.0,0.0020032767882270388,0.00747130207754303,-0.5771259458371255,-180.5609940205017
-908.0,0.002003328538725301,0.007512526265224261,-0.5789493261511687,-181.3851145203443
-907.0,0.002003381063395969,0.007553990219373056,-0.5807673461409074,-182.20920210812903
-906.0,0.002003434373105082,0.007595694681732363,-0.5825799691492931,-183.03322644814
-905.0,0.0020034884788598,0.0076376403903819735,-0.5843871592150258,-183.85715725975948
-904.0,0.0020035433918100605,0.00767982807967322,-0.5861888810709517,-184.6809643222411
-903.0,0.002003599123250259,0.007722258480163426,-0.5879851001423227,-185.5046174794413
-902.0,0.002003655684620937,0.007764932318550087,-0.5897757825449242,-186.32808664450795
-901.0,0.002003713087510497,0.007807850317604845,-0.5915608950830722,-187.15134180452597
-900.0,0.0020037713436569272,0.007851013196107173,-0.5933404052474814,-187.9743530251159
-899.0,0.0020038304649495488,0.007894421668777865,-0.5951142812130084,-188.79709045498595
-898.0,0.0020038904634307768,0.007938076446212264,-0.5968824918362708,-189.61952433043558
-897.0,0.0020039513512979034,0.007981978234813274,-0.5986450066531457,-190.4416249798081
-896.0,0.0020040131409048943,0.008026127736724124,-0.6004017958761484,-191.26336282789254
-895.0,0.0020040758447642075,0.008070525649760931,-0.6021528303916961,-192.08470840027195
-894.0,0.0020041394755486255,0.00811517266734503,-0.6038980817572579,-192.90563232761843
-893.0,0.002004204046093113,0.008160069478435075,-0.6056375221983914,-193.72610534993154
-892.0,0.002004269569396685,0.008205216767458952,-0.6073711246056734,-194.54609832072111
-891.0,0.0020043360586242997,0.008250615214245461,-0.6090988625315227,-195.365582211132
-890.0,0.0020044035271087664,0.008296265493955797,-0.6108207101869169,-196.18452811400877
-889.0,0.0020044719883526743,0.008342168277014828,-0.6125366424380122,-197.00290724790244
-888.0,0.002004541456030342,0.00838832422904218,-0.61424663480266,-197.82069096101407
-887.0,0.0020046119439897808,0.008434734010783113,-0.6159506634468289,-198.63785073507756
-886.0,0.002004683466254684,0.008481398278039221,-0.6176487051809317,-199.45435818917863
-885.0,0.0020047560370264296,0.008528317681598934,-0.6193407374560626,-200.27018508351094
-884.0,0.002004829670686109,0.008575492867167831,-0.6210267383601411,-201.0853033230658
-883.0,0.00200490438179657,0.008622924475298808,-0.6227066866139737,-201.89968496125758
-882.0,0.002004980185104482,0.008670613141322009,-0.6243805615672282,-202.7133022034823
-881.0,0.0020050570955424227,0.008718559495274648,-0.6260483431943271,-203.52612741060886
-880.0,0.0020051351282309826,0.008766764161830636,-0.627710012090261,-204.33813310240274
-879.0,0.0020052142984808927,0.008815227760230021,-0.6293655494663252,-205.14929196088076
-878.0,0.0020052946217951687,0.008863950904208327,-0.631014937145781,-205.9595768335974
-877.0,0.0020053761138712806,0.008912934201925684,-0.6326581575594463,-206.76896073686135
-876.0,0.0020054587906033405,0.008962178255895839,-0.6342951937412127,-207.57741685888095
-875.0,0.0020055426680843126,0.009011683662915009,-0.6359260293234987,-208.38491856284048
-874.0,0.0020056277626082425,0.009061451013990597,-0.6375506485326353,-209.19143938990436
-873.0,0.0020057140906725103,0.00911148089426977,-0.6391690361841893,-209.99695306215017
-872.0,0.0020058016689801037,0.009161773882967898,-0.6407811776782251,-210.80143348542987
-871.0,0.0020058905144419137,0.009212330553296889,-0.6423870589945094,-211.60485475215893
-870.0,0.0020059806441790513,0.009263151472393361,-0.6439866666876589,-212.40719114403308
-869.0,0.0020060720755251866,0.00931423720124674,-0.6455799878822334,-213.20841713467235
-868.0,0.0020061648260289106,0.0093655882946272,-0.6471670102677779,-214.00850739219194
-867.0,0.0020062589134561175,0.009417205301013535,-0.6487477220938167,-214.80743678170165
-866.0,0.0020063543557924117,0.009469088762520901,-0.6503221121647963,-215.60518036772967
-865.0,0.002006451171245536,0.009521239214828463,-0.651890169834987,-216.40171341657577
-864.0,0.0020065493782478222,0.00957365718710695,-0.65345188500334,-217.19701139858984
-863.0,0.002006648995458668,0.009626343201946119,-0.6550072481083012,-217.99104999037698
-862.0,0.0020067500417670307,0.009679297775282146,-0.6565562501225924,-218.78380507693134
-861.0,0.002006852536293951,0.009732521416324906,-0.6580988825479479,-219.57525275369431
-860.0,0.002006956498395095,0.009786014627485217,-0.6596351374098219,-220.3653693285414
-859.0,0.002007061947663323,0.009839777904301987,-0.6611650072520624,-221.15413132369625
-858.0,0.00200716890393128,0.0098938117353693,-0.6626884851315513,-221.9415154775707
-857.0,0.002007277387274011,0.009948116602263465,-0.66420556461282,-222.72749874653388
-856.0,0.0020073874180116017,0.010002692979469971,-0.6657162397626353,-223.51205830660842
-855.0,0.00200749901671184,0.010057541334310431,-0.667220505144561,-224.295171555094
-854.0,0.0020076122041929054,0.01011266212686946,-0.6687183558134969,-225.0768161121203
-853.0,0.00200772700152608,0.010168055809921523,-0.6702097873101963,-225.8569698221278
-852.0,0.0020078434300384866,0.010223722828857746,-0.6716947956557654,-226.6356107552787
-851.0,0.0020079615113158507,0.0102796636216127,-0.6731733773461421,-227.4127172087952
-850.0,0.0020080812672052866,0.010335878618591175,-0.6746455293465625,-228.18826770822938
-849.0,0.0020082027198181107,0.010392368242594903,-0.6761112490860121,-228.9622410086631
-848.0,0.0020083258915326776,0.010449132908749317,-0.6775705344516627,-229.73461609583694
-847.0,0.0020084508049972444,0.010506173024430267,-0.6790233837833027,-230.5053721872126
-846.0,0.0020085774831328585,0.010563488989190748,-0.6804697958677547,-231.27448873296504
-845.0,0.0020087059491362726,0.010621081194687642,-0.6819097699332884,-232.04194541690845
-844.0,0.002008836226482885,0.010678950024608455,-0.6833433056440252,-232.807722157353
-843.0,0.0020089683389297058,0.010737095854598085,-0.6847704030943417,-233.57179910789696
-842.0,0.00200910231051835,0.010795519052185605,-0.6861910628032677,-234.33415665815153
-841.0,0.002009238165578059,0.010854219976711078,-0.6876052857088862,-235.0947754344009
-840.0,0.002009375928728742,0.010913198979252397,-0.689013073162729,-235.85363630019586
-839.0,0.0020095156248840537,0.010972456402552178,-0.6904144269241802,-236.61072035688642
-838.0,0.0020096572792544917,0.0110319925809447,-0.6918093491548779,-237.36600894408747
-837.0,0.0020098009173505236,0.011091807840282871,-0.6931978424131232,-238.11948364008413
-836.0,0.002009946564985742,0.011151902497865292,-0.6945799096482936,-238.87112626217333
-835.0,0.002010094248280046,0.011212276862363344,-0.6959555541952662,-239.62091886694589
-834.0,0.0020102439936628496,0.011272931233748385,-0.6973247797688463,-240.3688437505059
-833.0,0.002010395827876321,0.011333865903218979,-0.6986875904582085,-241.11488344863204
-832.0,0.002010549777978646,0.011395081153128246,-0.7000439907213474,-241.85902073687836
-831.0,0.0020107058713473205,0.011456577256911278,-0.7013939853795416,-242.60123863061807
-830.0,0.0020108641356824746,0.011518354479012657,-0.7027375796118307,-243.3415203850287
-829.0,0.0020110245990102205,0.011580413074814071,-0.7040747789495079,-244.0798494950215
-828.0,0.002011187289686031,0.011642753290562028,-0.7054055892706261,-244.81620969511386
-827.0,0.0020113522363981486,0.011705375363295708,-0.7067300167945247,-245.55058495924794
-826.0,0.002011519468171019,0.011768279520774907,-0.7080480680763706,-246.2829595005539
-825.0,0.0020116890143687593,0.011831465981408116,-0.7093597500017209,-247.01331777106077
-824.0,0.0020118609046986505,0.011894934954180734,-0.7106650697811039,-247.74164446135353
-823.0,0.002012035169214662,0.011958686638583427,-0.711964034944623,-248.4679245001801
-822.0,0.0020122118383210054,0.01202272122454061,-0.713256653336581,-249.19214305400618
-821.0,0.0020123909427757175,0.012087038892339095,-0.7145429331101273,-249.91428552652064
-820.0,0.0020125725136942744,0.012151639812556896,-0.715822882721931,-250.63433755809223
-819.0,0.0020127565825532323,0.012216524145992202,-0.7170965109268762,-251.35228502517754
-818.0,0.002012943181193904,0.012281692043592493,-0.7183638267727837,-252.0681140396815
-817.0,0.002013132341826061,0.012347143646383882,-0.7196248395951609,-252.7818109482729
-816.0,0.0020133240970316665,0.012412879085400582,-0.7208795590119754,-253.4933623316523
-815.0,0.002013518479768644,0.01247889848161462,-0.7221279949184599,-254.20275500377704
-814.0,0.00201371552337467,0.0125452019458657,-0.723370157481944,-254.90997601104192
-813.0,0.0020139152615710025,0.012611789578791303,-0.7246060571367152,-255.61501263141668
-812.0,0.002014117728466338,0.012678661470756976,-0.725835704578912,-256.3178523735426
-811.0,0.0020143229585607024,0.012745817701786847,-0.7270591107614456,-257.01848297578726
-810.0,0.0020145309867493693,0.012813258341494367,-0.7282762868889535,-257.71689240525916
-809.0,0.0020147418483268155,0.012880983449013264,-0.7294872444127865,-258.4130688567835
-808.0,0.002014955578990703,0.012948993072928763,-0.7306919950260269,-259.10700075184036
-807.0,0.0020151722148458963,0.013017287251209018,-0.7318905506585405,-259.79867673746355
-806.0,0.0020153917924085095,0.013085866011136819,-0.7330829234720628,-260.4880856851054
-805.0,0.002015614348609989,0.013154729369241535,-0.7342691258553176,-261.175216689463
-804.0,0.002015839920801225,0.013223877331231346,-0.7354491704191735,-261.86005906727354
-803.0,0.0020160685467566957,0.013293309891925724,-0.7366230699918337,-262.5426023560724
-802.0,0.0020163002646786483,0.013363027035188199,-0.7377908376140605,-263.2228363129193
-801.0,0.002016535113201309,0.013433028733859412,-0.7389524865344396,-263.90075091309427
-800.0,0.0020167731313951256,0.013503314949690454,-0.7401080302046767,-264.57633634875947
-799.0,0.002017014358771047,0.013573885633276519,-0.7412574822749343,-265.24958302759256
-798.0,0.0020172588352848314,0.013644740723990828,-0.7424008565892047,-265.92048157139095
-797.0,0.002017506601341393,0.013715880149918916,-0.7435381671807205,-266.58902281464566
-796.0,0.002017757697799177,0.013787303827793177,-0.7446694282674039,-267.2551978030898
-795.0,0.0020180121659745726,0.013859011662927799,-0.7457946542473529,-267.9189977922176
-794.0,0.0020182700476463573,0.013931003549153975,-0.7469138596943685,-268.5804142457803
-793.0,0.002018531385060176,0.014003279368755497,-0.7480270593535187,-269.239438834254
-792.0,0.002018796220933056,0.014075838992404678,-0.7491342681367434,-269.8960634332858
-791.0,0.0020190645984579526,0.014148682279098618,-0.7502355011184967,-270.55028012211415
-790.0,0.0020193365613083315,0.014221809076095859,-0.7513307735314317,-271.2020811819684
-789.0,0.0020196121536427882,0.014295219218853383,-0.7524201007621217,-271.8514590944445
-788.0,0.002019891420109696,0.014368912530964003,-0.7535034983468254,-272.49840653986206
-787.0,0.002020174405851894,0.014442888824094113,-0.7545809819672886,-273.14291639559843
-786.0,0.002020461156511409,0.014517147897921872,-0.7556525674465889,-273.7849817344054
-785.0,0.0020207517182342103,0.014591689540075716,-0.7567182707450195,-274.4245958227059
-784.0,0.002021046137675003,0.01466651352607335,-0.7577781079560154,-275.061752118874
-783.0,0.002021344462002055,0.014741619619261096,-0.7588320953021169,-275.69644427149547
-782.0,0.002021646738902059,0.01481700757075368,-0.7598802491309781,-276.3286661176144
-781.0,0.00202195301658503,0.014892677119374436,-0.7609225859114138,-276.95841168096285
-780.0,0.002022263343789243,0.014968627991595953,-0.7619591222294876,-277.5856751701753
-779.0,0.002022577769786198,0.015044859901481154,-0.7629898747846419,-278.21045097698936
-778.0,0.002022896344385631,0.015121372550624824,-0.7640148603858681,-278.8327336744327
-777.0,0.002023219117940553,0.015198165628095586,-0.7650340959479186,-279.4525180149974
-776.0,0.002023546141352329,0.015275238810378337,-0.7660475984875594,-280.0697989288017
-775.0,0.0020238774660757946,0.015352591761317168,-0.7670553851198638,-280.68457152174045
-774.0,0.0020242131441244064,0.015430224132058737,-0.768057473054548,-281.29683107362547
-773.0,0.0020245532280754293,0.015508135560996138,-0.7690538795923455,-281.9065730363138
-772.0,0.0020248977710751637,0.015586325673713252,-0.7700446221214257,-282.51379303182887
-771.0,0.0020252468268442043,0.015664794082929596,-0.7710297181138513,-283.1184868504719
-770.0,0.002025600449682742,0.015743540388445672,-0.7720091851220766,-283.72065044892383
-769.0,0.0020259586944758965,0.01582256417708884,-0.7729830407754874,-284.3202799483415
-768.0,0.002026321616699092,0.01590186502265971,-0.7739513027769814,-284.9173716324463
-767.0,0.0020266892724234674,0.015981442485878995,-0.7749139888995888,-285.5119219456054
-766.0,0.002027061718321322,0.016061296114335013,-0.7758711169831339,-286.10392749090875
-765.0,0.0020274390116716023,0.01614142544243162,-0.776822704930937,-286.69338502824
-764.0,0.002027821210365426,0.01622182999133675,-0.777768770706556,-287.2802914723429
-763.0,0.00202820837291164,0.016302509268931464,-0.7787093323305689,-287.86464389088303
-762.0,0.002028600558442421,0.016383462769759632,-0.7796444078773962,-288.4464395025078
-761.0,0.002028997826718912,0.016464689974978085,-0.7805740154721624,-289.0256756749014
-760.0,0.0020294002381368945,0.016546190352307408,-0.781498173287598,-289.6023499228382
-759.0,0.0020298078537325038,0.016627963355983308,-0.78241689954098,-290.1764599062343
-758.0,0.002030220735187978,0.016710008426708528,-0.7833302124911133,-290.7480034281974
-757.0,0.0020306389448374465,0.016792324991605427,-0.7842381304353504,-291.3169784330764
-756.0,0.0020310625456727606,0.016874912464169084,-0.7851406717066478,-291.8833830045082
-755.0,0.002031491601349354,0.016957770244221064,-0.7860378546706663,-292.4472153634683
-754.0,0.002031926176192152,0.017040897717863778,-0.7869296977229048,-293.00847386631835
-753.0,0.002032366335201512,0.017124294257435484,-0.7878162192858742,-293.56715700285645
-752.0,0.0020328121440592053,0.017207959221465896,-0.7886974378063114,-294.12326339436885
-751.0,0.002033263669134438,0.017291891954632425,-0.7895733717524274,-294.67679179168215
-750.0,0.0020337209774899095,0.017376091787717117,-0.7904440396111962,-295.2277410732195
-749.0,0.0020341841368879112,0.01746055803756416,-0.7913094598856796,-295.7761102430579
-748.0,0.0020346532157964627,0.01754529000703811,-0.7921696510923889,-296.32189842898936
-747.0,0.002035128283395489,0.01763028698498277,-0.7930246317586847,-296.86510488058525
-746.0,0.0020356094095830344,0.017715548246180705,-0.793874420420212,-297.4057289672644
-745.0,0.0020360966649815176,0.017801073051313503,-0.7947190356183735,-297.9437701763661
-744.0,0.0020365901209440235,0.01788686064692263,-0.7955584958978373,-298.4792281112265
-743.0,0.002037089849560639,0.017972910265371067,-0.79639281980408,-299.0121024892599
-742.0,0.002037595923664821,0.01805922112480557,-0.7972220258809684,-299.54239314004724
-741.0,0.0020381084168398108,0.018145792429119692,-0.798046132668373,-300.07010000342757
-740.0,0.0020386274034250836,0.018232623367917485,-0.7988651586998187,-300.5952231275972
-739.0,0.0020391529585228377,0.01831971311647792,-0.7996791225001699,-301.1177626672145
-738.0,0.002039685158004526,0.018407060835720045,-0.8004880425833493,-301.6377188815108
-737.0,0.0020402240785174232,0.018494665672168863,-0.8012919374500915,-302.1550921324093
-736.0,0.0020407697974912345,0.018582526757921956,-0.8020908255857307,-302.66988288264986
-735.0,0.002041322393144745,0.018670643210616837,-0.802884725458021,-303.1820916939214
-734.0,0.0020418819444925056,0.01875901413339911,-0.8036736555149914,-303.6917192250031
-733.0,0.0020424485313515627,0.018847638614891256,-0.8044576341828323,-304.19876622991217
-732.0,0.0020430222343482216,0.01893651572916237,-0.805236679863816,-304.7032335560601
-731.0,0.002043603134924856,0.019025644535698473,-0.8060108109342475,-305.2051221424178
-730.0,0.0020441913153467525,0.01911502407937376,-0.8067800457424519,-305.7044330176897
-729.0,0.002044786858708997,0.019204653390422523,-0.807544402606787,-306.2011672984953
-728.0,0.0020453898489434,0.019294531484411945,-0.8083038998136929,-306.6953261875612
-727.0,0.002046000370825461,0.019384657362215597,-0.8090585556157703,-307.18691097192226
-726.0,0.0020466185099813753,0.019475030009987827,-0.8098083882298897,-307.6759230211314
-725.0,0.002047244352895075,0.01956564839913888,-0.8105534158353318,-308.1623637854808
-724.0,0.002047877986915316,0.019656511486310903,-0.8112936565719567,-308.64623479423057
-723.0,0.0020485195002628003,0.01974761821335473,-0.8120291285384059,-309.1275376538505
-722.0,0.00204916898203734,0.019838967507307466,-0.81275984979033,-309.6062740462697
-721.0,0.002049826522225058,0.01993055828037095,-0.8134858383386478,-310.0824457271371
-720.0,0.002050492211705634,0.020022389429891048,-0.8142071121478358,-310.5560545240944
-719.0,0.002051166142259583,0.020114459838337782,-0.8149236891342417,-311.0271023350568
-718.0,0.002051848406575578,0.020206768373286277,-0.8156355871644319,-311.4955911265074
-717.0,0.002052539098257812,0.020299313887398626,-0.816342824053562,-311.9615229318009
-716.0,0.002053238311833396,0.02039209521840655,-0.8170454175637777,-312.42489984947895
-715.0,0.0020539461427598006,0.02048511118909499,-0.8177433854026426,-312.8857240415971
-714.0,0.0020546626874323346,0.020578360607286517,-0.8184367452215925,-313.3439977320631
-713.0,0.0020553880431916616,0.020671842265826627,-0.8191255146144164,-313.7997232049863
-712.0,0.002056122308331361,0.02076555494256998,-0.8198097111157634,-314.25290280303875
-711.0,0.0020568655821055206,0.020859497400367417,-0.8204893521996777,-314.703538925829
-710.0,0.0020576179647363757,0.020953668387053995,-0.8211644552781566,-315.1516340282864
-709.0,0.0020583795574219818,0.021048066635437825,-0.8218350376997352,-315.5971906190582
-708.0,0.0020591504623439292,0.021142690863289848,-0.8225011167480966,-316.04021125891813
-707.0,0.002059930782675096,0.021237539773334556,-0.8231627096407055,-316.48069855918766
-706.0,0.002060720622587437,0.02133261205324158,-0.8238198335274681,-316.9186551801692
-705.0,0.002061520087259819,0.021427906375618207,-0.824472505489414,-317.35408382959076
-704.0,0.0020623292828858826,0.021523421398002847,-0.8251207425374029,-317.78698726106416
-703.0,0.002063148316681956,0.021619155762859416,-0.8257645616108557,-318.21736827255495
-702.0,0.0020639772968949963,0.02171510809757264,-0.8264039795765068,-318.6452297048643
-701.0,0.0020648163328105744,0.02181127701444434,-0.827039013227181,-319.07057444012435
-700.0,0.002065665534760898,0.021907661110690632,-0.827669679280592,-319.4934054003053
-699.0,0.002066525014132871,0.022004258968440063,-0.8282959943781624,-319.91372554573445
-698.0,0.0020673948833761927,0.02210106915473274,-0.8289179750838683,-320.3315378736303
-697.0,0.0020682752560114916,0.02219809022152043,-0.8295356378831025,-320.74684541664544
-696.0,0.002069166246638501,0.022295320705667553,-0.83014899918156,-321.1596512414256
-695.0,0.0020700679709442695,0.022392759128953194,-0.830758075304146,-321.56995844717903
-694.0,0.0020709805457114097,0.022490403998074136,-0.8313628824939021,-321.9777701642595
-693.0,0.0020719040888263836,0.02258825380464876,-0.8319634369109542,-322.3830895527616
-692.0,0.002072838719287827,0.022686307025222015,-0.8325597546314808,-322.78591980112884
-691.0,0.0020737845572149066,0.022784562121271362,-0.8331518516467009,-323.186264124775
-690.0,0.0020747417238557203,0.022883017539213665,-0.8337397438618805,-323.58412576471653
-689.0,0.002075710341595728,0.02298167171041314,-0.8343234470953587,-323.9795079862192
-688.0,0.002076690533966223,0.023080523051190238,-0.8349029770775936,-324.37241407745654
-687.0,0.0020776824256528367,0.02317956996283161,-0.8354783494502264,-324.76284734818177
-686.0,0.002078686142504081,0.023278810831600986,-0.8360495797651618,-325.15081112841057
-685.0,0.0020797018115399283,0.023378244028751174,-0.8366166834836705,-325.53630876711895
-684.0,0.0020807295609604217,0.023477867910536958,-0.837179675975505,-325.9193436309513
-683.0,0.0020817695201543274,0.02357768081822912,-0.8377385725180364,-326.29991910294285
-682.0,0.002082821819707819,0.023677681078129405,-0.8382933882954059,-326.6780385812531
-681.0,0.002083886591413194,0.02377786700158658,-0.838844138397695,-327.05370547791335
-680.0,0.002084963968277633,0.023878236885013462,-0.8393908378201108,-327.4269232175852
-679.0,0.0020860540845319847,0.02397878900990502,-0.8399335014621891,-327.79769523633263
-678.0,0.002087157075639591,0.024079521642857503,-0.8404721441270122,-328.16602498040544
-677.0,0.002088273078305146,0.02418043303558859,-0.8410067805204429,-328.53191590503604
-676.0,0.0020894022304835855,0.024281521424958645,-0.841537425250375,-328.8953714732479
-675.0,0.002090544671389013,0.024382785032992918,-0.8420640928259975,-329.25639515467617
-674.0,0.002091700541503658,0.024484222066904877,-0.8425867976570756,-329.61499042440187
-673.0,0.002092869982586869,0.0245858307191206,-0.8431055540532434,-329.9711607617952
-672.0,0.002094053137684137,0.024687609167304128,-0.8436203762233156,-330.3249096493752
-671.0,0.002095250151136153,0.02478955557438399,-0.8441312782746088,-330.6762405716772
-670.0,0.0020964611685878975,0.024891668088580718,-0.8446382742122792,-331.02515701413563
-669.0,0.0020976863369977635,0.024993944843435444,-0.8451413779386745,-331.3716624619766
-668.0,0.0020989258046467075,0.025096383957839585,-0.8456406032526973,-331.7157603991235
-667.0,0.002100179721147436,0.025198983536065554,-0.8461359638491832,-332.05745430711414
-666.0,0.002101448237453621,0.02530174166779859,-0.8466274733182907,-332.39674766402914
-665.0,0.002102731505869147,0.025404656428169616,-0.8471151451449054,-332.73364394343304
-664.0,0.0021040296800573875,0.025507725877789232,-0.8475989927080555,-333.0681466133264
-663.0,0.0021053429150505124,0.02561094806278269,-0.8480790292803383,-333.40025913510857
-662.0,0.0021066713672588276,0.02571432101482609,-0.8485552680273619,-333.72998496255417
-661.0,0.0021080151944801373,0.025817842751183498,-0.8490277220071963,-334.05732754079924
-660.0,0.0021093745559091445,0.025921511274745276,-0.8494964041698357,-334.3822903053387
-659.0,0.0021107496121468717,0.026025324574067463,-0.8499613273566743,-334.7048766810367
-658.0,0.002112140525210117,0.026129280623412167,-0.8504225042999896,-335.0250900811454
-657.0,0.002113547458540934,0.026233377382789184,-0.8508799476224412,-335.3429339063385
-656.0,0.0021149705770161387,0.026337612797998587,-0.8513336698365764,-335.65841154375255
-655.0,0.0021164100469568494,0.02644198480067446,-0.8517836833443466,-335.9715263660406
-654.0,0.002117866036138047,0.026546491308329756,-0.8522300004366368,-336.2822817304378
-653.0,0.002119338713798164,0.026651130224402172,-0.8526726332928006,-336.59068097783495
-652.0,0.0021208282506487027,0.02675589943830116,-0.8531115939802092,-336.89672743186634
-651.0,0.002122334818883873,0.026860796825456106,-0.8535468944538064,-337.20042439800505
-650.0,0.0021238585921902614,0.026965820247365442,-0.853978546555676,-337.5017751626713
-649.0,0.002125399745756522,0.02707096755164702,-0.8544065620146151,-337.80078299234935
-648.0,0.0021269584562830907,0.02717623657208952,-0.8548309524457195,-338.0974511327165
-647.0,0.0021285349019919252,0.027281625128704926,-0.8552517293499751,-338.3917828077808
-646.0,0.00213012926263627,0.02738713102778214,-0.8556689041138599,-338.68378121903106
-645.0,0.0021317417195104403,0.027492752061941732,-0.8560824880089516,-338.97344954459373
-644.0,0.00213337245545963,0.027598486010191728,-0.8564924921915478,-339.26079093840474
-643.0,0.002135021654889747,0.027704330637984484,-0.8568989277022879,-339.54580852938574
-642.0,0.0021366895037772593,0.02781028369727482,-0.8573018054657894,-339.8285054206352
-641.0,0.002138376189679073,0.02791634292657901,-0.857701136290286,-340.10888468862595
-640.0,0.002140081901742424,0.02802250605103511,-0.8580969308672762,-340.38694938241395
-639.0,0.0021418068307147956,0.02812877078246421,-0.8584891997711792,-340.66270252285716
-638.0,0.002143551168953846,0.028235134819432926,-0.8588779534589952,-340.9361471018422
-637.0,0.002145315110437368,0.0283415958473169,-0.8592632022699752,-341.2072860815224
-636.0,0.0021470988507732557,0.028448151538365447,-0.8596449564252969,-341.47612239356465
-635.0,0.0021489025872094957,0.028554799551767263,-0.860023226027745,-341.7426589384047
-634.0,0.0021507265186441736,0.028661537533717314,-0.8603980210614001,-342.0068985845128
-633.0,0.0021525708456354973,0.02876836311748472,-0.8607693513913327,-342.26884416766814
-632.0,0.0021544357704118386,0.028875273923481846,-0.8611372267633037,-342.52849849024244
-631.0,0.0021563214968817863,0.028982267559334397,-0.8615016568034691,-342.7858643204918
-630.0,0.0021582282306442198,0.02908934161995265,-0.8618626510180921,-343.04094439185883
-629.0,0.002160156178998392,0.029196493687603825,-0.8622202187932608,-343.2937414022831
-628.0,0.002162105550954032,0.02930372133198547,-0.8625743693946079,-343.54425801351834
-627.0,0.002164076557241455,0.029411022110299993,-0.8629251119670399,-343.79249685046216
-626.0,0.0021660694103216886,0.02951839356733029,-0.8632724555344692,-344.03846050049134
-625.0,0.0021680843243966127,0.029625833235516416,-0.8636164089995492,-344.28215151280574
-624.0,0.0021701215154191064,0.02973333863503342,-0.8639569811434183,-344.52357239778297
-623.0,0.0021721812011032075,0.029840907273870183,-0.8642941806254443,-344.76272562633847
-622.0,0.0021742636009342868,0.02994853664790942,-0.8646280159829746,-344.9996136292956
-621.0,0.0021763689361792224,0.03005622424100872,-0.8649584956310925,-345.23423879676363
-620.0,0.0021784974298965946,0.03016396752508267,-0.8652856278623745,-345.46660347752385
-619.0,0.0021806493069468766,0.03027176396018609,-0.8656094208466532,-345.6967099784227
-618.0,0.0021828247940026448,0.030379610994598294,-0.8659298826307841,-345.9245605637748
-617.0,0.0021850241195587854,0.030487506064908486,-0.8662470211384142,-346.15015745477103
-616.0,0.002187247513942715,0.030595446596102194,-0.8665608441697582,-346.37350282889815
-615.0,0.0021894952093246016,0.030703430001648775,-0.8668713594013727,-346.59459881936243
-614.0,0.0021917674397275923,0.03081145368359,-0.8671785743859375,-346.8134475145225
-613.0,0.0021940644410380476,0.030919515032629685,-0.8674824965520389,-347.0300509573308
-612.0,0.0021963864510157706,0.031027611428224425,-0.8677831332039563,-347.24441114478066
-611.0,0.00219873370930425,0.03113574023867534,-0.86808049152145,-347.4565300273615
-610.0,0.0022011064574408937,0.03124389882122089,-0.8683745785595545,-347.6664095085221
-609.0,0.002203504938867274,0.03135208452213077,-0.8686654012483717,-347.87405144413935
-608.0,0.0022059293989393626,0.03146029467680083,-0.868952966392869,-348.07945764199656
-607.0,0.0022083800849377723,0.03156852660984906,-0.8692372806726782,-348.2826298612669
-606.0,0.0022108572460779953,0.03167677763521256,-0.8695183506418965,-348.4835698120046
-605.0,0.002213361133520638,0.03178504505624566,-0.8697961827288909,-348.6822791546434
-604.0,0.002215892000381654,0.03189332616581894,-0.8700707832361035,-348.87875949950126
-603.0,0.002218450101742572,0.03200161824641943,-0.8703421583398604,-349.07301240629323
-602.0,0.002221035694660722,0.03210991857025169,-0.8706103140901791,-349.26503938364885
-601.0,0.0022236490381794503,0.03221822439934002,-0.8708752564105816,-349.4548418886387
-600.0,0.002226290393338336,0.03232653298563167,-0.8711369910979067,-349.64242132630625
-599.0,0.0022289600231833926,0.032434841571101006,-0.8713955238221235,-349.82777904920584
-598.0,0.002231658192777266,0.03254314738785476,-0.8716508601261485,-350.0109163569491
-597.0,0.002234385169209422,0.032651447658238256,-0.8719030054256615,-350.1918344957557
-596.0,0.0022371412216063247,0.03275973959494265,-0.8721519650089247,-350.37053465801193
-595.0,0.0022399266211416014,0.03286802040111313,-0.872397744036601,-350.54701798183476
-594.0,0.0022427416410462026,0.03297628727045815,-0.8726403475415754,-350.72128555064285
-593.0,0.0022455865566185394,0.03308453738735966,-0.8728797804287757,-350.89333839273354
-592.0,0.0022484616452346155,0.033192767926984286,-0.8731160474749948,-351.0631774808661
-591.0,0.002251367186358142,0.033300976055395476,-0.8733491533287135,-351.2308037318506
-590.0,0.002254303461550635,0.03340915892966668,-0.8735791025099239,-351.3962180061435
-589.0,0.0022572707544815007,0.03351731369799544,-0.873805899409953,-351.5594211074489
-588.0,0.0022602693509380985,0.033625437499818465,-0.8740295482912886,-351.7204137823264
-587.0,0.0022632995388357897,0.03373352746592768,-0.8742500532874029,-351.87919671980364
-586.0,0.0022663616082279642,0.033841580718587165,-0.874467418402578,-352.0357705509958
-585.0,0.0022694558513160494,0.03394959437165112,-0.8746816475117315,-352.19013584873016
-584.0,0.002272582562459495,0.03405756553068274,-0.8748927443602424,-352.3422931271776
-583.0,0.0022757420381857366,0.03416549129307395,-0.8751007125637771,-352.49224284148863
-582.0,0.0022789345772001365,0.034273368748166215,-0.8753055556081131,-352.63998538743493
-581.0,0.002282160480395901,0.034381194977372125,-0.8755072768489677,-352.7855211010584
-580.0,0.0022854200508639682,0.03448896705429798,-0.8757058795118209,-352.92885025832345
-579.0,0.002288713593902874,0.03459668204486727,-0.8759013666917421,-353.0699730747765
-578.0,0.002292041417028587,0.03470433700744505,-0.8760937413532148,-353.2088897052103
-577.0,0.0022954038299843184,0.03481192899296321,-0.8762830063299608,-353.345600243334
-576.0,0.0022988011447502973,0.03491945504504661,-0.8764691643247651,-353.48010472144847
-575.0,0.0023022336755535193,0.03502691220014016,-0.8766522179092996,-353.6124031101275
-574.0,0.0023057017388774617,0.03513429748763673,-0.8768321695239453,-353.74249531790315
-573.0,0.0023092056534717645,0.03524160793000592,-0.8770090214776165,-353.87038119095814
-572.0,0.0023127457403618805,0.03534884054292372,-0.877182775947582,-353.9960605128229
-571.0,0.0023163223228586847,0.03545599233540303,-0.8773534349792858,-354.11953300407674
-570.0,0.0023199357265680535,0.03556306030992498,-0.8775210004861688,-354.2407983220565
-569.0,0.0023235862794004003,0.035670041462571155,-0.8776854742494865,-354.35985606056767
-568.0,0.0023272743115801786,0.03577693278315659,-0.8778468579181308,-354.4767057496045
-567.0,0.0023310001556553386,0.03588373125536364,-0.878005153008444,-354.59134685507064
-566.0,0.002334764146506747,0.035990433856876655,-0.8781603609040386,-354.703778778509
-565.0,0.0023385666213575637,0.03609703755951741,-0.8783124828556123,-354.81400085683504
-564.0,0.0023424079197825734,0.03620353932938145,-0.8784615199807614,-354.92201236207404
-563.0,0.0023462883837174747,0.03630993612697511,-0.8786074732637961,-355.0278125011061
-562.0,0.0023502083574681214,0.03641622490735341,-0.8787503435555516,-355.13140041541385
-561.0,0.0023541681877197163,0.03652240262025866,-0.8788901315732,-355.23277518083694
-560.0,0.002358168223545961,0.036628466210259884,-0.8790268379000594,-355.33193580732984
-559.0,0.002362208816418147,0.03673441261689301,-0.879160462985403,-355.4288812387265
-558.0,0.0023662903202142063,0.03684023877480174,-0.8792910071442657,-355.5236103525086
-557.0,0.0023704130912277016,0.036945941613879256,-0.8794184705572514,-355.61612195958077
-556.0,0.002374577488176768,0.037051518059410614,-0.8795428532703349,-355.706414804047
-555.0,0.002378783872212997,0.03715696503221585,-0.8796641551946661,-355.79448756299627
-554.0,0.002383032606930265,0.03726227944879387,-0.8797823761063729,-355.880338846292
-553.0,0.002387324058373507,0.03736745822146697,-0.8798975156463574,-355.96396719636346
-552.0,0.002391658595047426,0.0374724982585261,-0.8800095733200974,-356.04537108800673
-551.0,0.0023960365879251476,0.03757739646437684,-0.8801185484974418,-356.1245489281879
-550.0,0.0024004584104568125,0.037682149739685984,-0.8802244404124054,-356.2014990558516
-549.0,0.002404924438578102,0.0377867549815289,-0.8803272481629633,-356.276219741735
-548.0,0.002409435050718704,0.03789120908353746,-0.8804269707108405,-356.34870918818604
-547.0,0.0024139906278107122,0.03799550893604866,-0.8805236068813044,-356.4189655289877
-546.0,0.0024185915532969567,0.038099651426253954,-0.8806171553629515,-356.486986829187
-545.0,0.0024232382131392696,0.03820363343834905,-0.8807076147074938,-356.5527710849277
-544.0,0.0024279309958266768,0.03830745185368455,-0.8807949833295449,-356.61631622329026
-543.0,0.0024326702923835233,0.03841110355091702,-0.880879259506401,-356.6776201021345
-542.0,0.002437456496377522,0.03851458540616079,-0.8809604413778235,-356.7366805099492
-541.0,0.002442290003927732,0.038617894293140276,-0.8810385269458164,-356.79349516570494
-540.0,0.002447171213712458,0.03872102708334293,-0.8811135140744066,-356.8480617187146
-539.0,0.0024521005269770766,0.03882398064617273,-0.8811854004894158,-356.900377748495
-538.0,0.0024570783475417815,0.03892675184910433,-0.8812541837782375,-356.9504407646387
-537.0,0.0024621050818092512,0.0390293375578376,-0.8813198613896058,-356.9982482066856
-536.0,0.0024671811387722343,0.03913173463645286,-0.8813824306333674,-357.04379744400387
-535.0,0.002472306930021051,0.039233939947566604,-0.8814418886802478,-357.0870857756735
-534.0,0.0024774828697510156,0.039335950352487735,-0.8814982325616184,-357.1281104303765
-533.0,0.0024827093747697643,0.039437762711374294,-0.8815514591692601,-357.1668685662915
-532.0,0.0024879868645045064,0.03953937388339075,-0.8816015652551246,-357.20335727099314
-531.0,0.0024933157610091796,0.039640780726865756,-0.8816485474310958,-357.2375735613586
-530.0,0.0024986964889715164,0.039741980099450375,-0.8816924021687471,-357.26951438347743
-529.0,0.0025041294757200227,0.03984296885827677,-0.8817331257990977,-357.2991766125673
-528.0,0.002509615151230858,0.039943743860117426,-0.8817707145123659,-357.32655705289505
-527.0,0.0025151539481346233,0.04004430196154471,-0.8818051643577237,-357.3516524377048
-526.0,0.0025207463017230536,0.04014464001909096,-0.8818364712430449,-357.37445942914815
-525.0,0.0025263926499556116,0.040244754889408985,-0.8818646309346535,-357.3949746182225
-524.0,0.002532093433465981,0.040344643429432926,-0.8818896390570715,-357.4131945247142
-523.0,0.002537849095568459,0.0404443024965396,-0.8819114910927618,-357.4291155971465
-522.0,0.0025436600822642485,0.04054372894871018,-0.8819301823818717,-357.44273421273476
-521.0,0.0025495268422476456,0.04064291964469229,-0.8819457081219726,-357.45404667734476
-520.0,0.0025554498269121156,0.04074187144416247,-0.881958063367799,-357.4630492254591
-519.0,0.002561429490356271,0.040840581207888964,-0.8819672430309855,-357.46973802014816
-518.0,0.0025674662893897327,0.040939045797894896,-0.8819732418798009,-357.4741091530469
-517.0,0.0025735606835388847,0.04103726207762181,-0.8819760545388806,-357.47615864433703
-516.0,0.0025797131350525147,0.04113522691209341,-0.8819756754889595,-357.4758824427368
-515.0,0.0025859241089073426,0.0412329371680798,-0.8819720990665988,-357.4732764254943
-514.0,0.0025921940728134297,0.04133038971426181,-0.8819653194639149,-357.4683363983887
-513.0,0.002598523497219475,0.04142758142139587,-0.8819553307283038,-357.4610580957364
-512.0,0.0026049128553179927,0.04152450916247886,-0.8819421267621651,-357.45143718040356
-511.0,0.0026113626230503603,0.0416211698129135,-0.8819257013226239,-357.4394692438252
-510.0,0.0026178732791117608,0.04171756025067383,-0.8819060480212509,-357.42514980603016
-509.0,0.0026244453049559828,0.04181367735647097,-0.8818831603237801,-357.40847431567164
-508.0,0.0026310791848001094,0.04190951801391916,-0.8818570315498256,-357.38943815006576
-507.0,0.0026377754056290705,0.042005079109701915,-0.881827654872597,-357.3680366152349
-506.0,0.0026445344572000734,0.04210035753373852,-0.8817950233186114,-357.34426494595834
-505.0,0.0026513568320468955,0.042195350179350555,-0.8817591297674063,-357.31811830582944
-504.0,0.0026582430254840474,0.042290053943428774,-0.8817199669512487,-357.28959178731924
-503.0,0.002665193535610806,0.04238446572660002,-0.8816775274548431,-357.2586804118464
-502.0,0.0026722088633151057,0.04247858243339435,-0.8816318037150389,-357.2253791298548
-501.0,0.0026792895122772944,0.0425724009724123,-0.881582788020536,-357.1896828208973
-500.0,0.00268643598897375,0.04266591825649229,-0.8815304725115866,-357.15158629372604
-499.0,0.002693648802680357,0.04275913120287811,-0.8814748491797003,-357.1110842863917
-498.0,0.0027009284654758354,0.04285203673338656,-0.8814159098673433,-357.0681714663471
-497.0,0.002708275492244934,0.042944631774575165,-0.8813536462676377,-357.0228424305596
-496.0,0.002715690400681466,0.043036913257909926,-0.8812880499240608,-356.97509170563103
-495.0,0.002723173711291209,0.04312887811993324,-0.8812191122301413,-356.9249137479236
-494.0,0.0027307259473946383,0.043220523302431736,-0.8811468244291549,-356.8723029436946
-493.0,0.0027383476351295305,0.04331184575260433,-0.8810711776138197,-356.8172536092378
-492.0,0.0027460393034533922,0.04340284242323013,-0.8809921627259878,-356.75975999103235
-491.0,0.002753801484145746,0.04349351027283647,-0.8809097705563399,-356.6998162659007
-490.0,0.002761634711810256,0.04358384626586692,-0.8808239917440741,-356.6374165411719
-489.0,0.0027695395238766947,0.043673847372849295,-0.8807348167765977,-356.57255485485547
-488.0,0.002777516460602748,0.0437635105705636,-0.8806422359892153,-356.5052251758209
-487.0,0.00278556606507566,0.04385283284221001,-0.8805462395648187,-356.4354214039876
-486.0,0.0027936888832137104,0.04394181117757674,-0.8804468175335722,-356.36313737052035
-485.0,0.0028018854637675275,0.044030442573207894,-0.8803439597726015,-356.2883668380354
-484.0,0.002810156358321234,0.044118724032571215,-0.8802376560056776,-356.21110350081335
-483.0,0.002818502121293423,0.04420665256622577,-0.8801278958029044,-356.1313409850221
-482.0,0.002826923309937959,0.04429422519198952,-0.8800146685804008,-356.04907284894574
-481.0,0.002835420484344608,0.04438143893510679,-0.8798979635999876,-355.96429258322615
-480.0,0.0028439942074394956,0.04446829082841563,-0.8797777699688694,-355.8769936111094
-479.0,0.002852645044985381,0.04455477791251492,-0.8796540766393179,-355.78716928870324
-478.0,0.0028613735655817554,0.04464089723593156,-0.8795268724083566,-355.69481290524396
-477.0,0.002870180340664764,0.04472664585528722,-0.8793961459174406,-355.5999176833701
-476.0,0.002879065944506936,0.04481202083546512,-0.8792618856521422,-355.502476779409
-475.0,0.0028880309542167375,0.04489701924977655,-0.8791240799418311,-355.40248328366886
-474.0,0.0028970759497379353,0.04498163818012712,-0.8789827169593579,-355.2999302207438
-473.0,0.002906201513848774,0.04506587471718288,-0.8788377847207355,-355.19481054982566
-472.0,0.002915408232160959,0.045149725960536236,-0.8786892710848225,-355.0871171650277
-471.0,0.0029246966931184533,0.04523318901887146,-0.8785371637530054,-354.9768428957168
-470.0,0.002934067487996076,0.04531626101013014,-0.8783814502688819,-354.86398050685693
-469.0,0.002943521210897908,0.04539893906167625,-0.8782221180179429,-354.74852269936076
-468.0,0.002953058458755496,0.04548122031046092,-0.8780591542272584,-354.6304621104544
-467.0,0.002962679831325864,0.04556310190318698,-0.8778925459651595,-354.5097913140493
-466.0,0.0029723859311893163,0.04564458099647316,-0.8777222801409249,-354.3865028211277
-465.0,0.0029821773637470424,0.045725654757017974,-0.8775483435044654,-354.26058908013624
-464.0,0.0029920547372185146,0.04580632036176322,-0.8773707226460108,-354.13204247739213
-463.0,0.0030020186626386787,0.04588657499805726,-0.8771894039957974,-354.0008553374994
-462.0,0.0030120697538549386,0.045966415863817736,-0.8770043738237547,-353.86701992377596
-461.0,0.0030222086275239245,0.04604584016769413,-0.876815618239197,-353.7305284386927
-460.0,0.0030324359031080566,0.04612484512922978,-0.8766231231905124,-353.59137302432396
-459.0,0.003042752202871888,0.04620342797902354,-0.8764268744648541,-353.44954576280736
-458.0,0.0030531581518782325,0.046281585958891064,-0.8762268576878356,-353.305038676819
-457.0,0.0030636543779840797,0.046359316322025626,-0.876023058323223,-353.1578437300567
-456.0,0.00307424151183628,0.04643661633315846,-0.8758154616726331,-353.00795282773754
-455.0,0.003084920186867022,0.04651348326871872,-0.8756040528752302,-352.85535781710644
-454.0,0.0030956910392890683,0.04658991441699298,-0.8753888169074263,-352.70005048795724
-453.0,0.003106554708090785,0.046665907078284136,-0.8751697385825832,-352.54202257316626
-452.0,0.0031175118350309254,0.04674145856506994,-0.8749468025507154,-352.38126574923785
-451.0,0.003128563064633204,0.04681656620216101,-0.8747199932981968,-352.2177716368628
-450.0,0.0031397090441806176,0.04689122732685822,-0.8744892951474686,-352.0515318014901
-449.0,0.003150950423709553,0.04696543928910971,-0.87425469225675,-351.88253775391115
-448.0,0.003162287856003651,0.047039199451667235,-0.8740161686197514,-351.71078095085653
-447.0,0.003173721996587428,0.04711250519024196,-0.8737737080653899,-351.53625279560725
-446.0,0.0031852535037196735,0.047185353893659805,-0.8735272942575083,-351.3589446386186
-445.0,0.0031968830383865953,0.04725774296401605,-0.8732769106945967,-351.17884777815766
-444.0,0.003208611264294728,0.04732966981682943,-0.8730225407095166,-350.995953460955
-443.0,0.0032204388478635957,0.04740113188119563,-0.8727641674692282,-350.8102528828688
-442.0,0.0032323664582181288,0.04747212659994011,-0.8725017739745236,-350.6217371895658
-441.0,0.0032443947671808356,0.047542651429770315,-0.8722353430597583,-350.43039747721343
-440.0,0.003256524449263721,0.04761270384142727,-0.8719648573925914,-350.23622479318794
-439.0,0.0032687561816599556,0.047682281319836456,-0.871690299473727,-350.03921013679746
-438.0,0.0032810906442352935,0.04775138136425808,-0.8714116516366592,-349.83934446001786
-437.0,0.00329352851951923,0.04782000148843658,-0.8711288960474225,-349.63661866824543
-436.0,0.0033060704926959118,0.04788813922074953,-0.8708420147043457,-349.43102362106407
-435.0,0.003318717251594775,0.04795579210435576,-0.8705509894378102,-349.22255013302663
-434.0,0.003331469486680937,0.04802295769734275,-0.8702558019100113,-349.01118897445224
-433.0,0.003344327891045318,0.04808963357287338,-0.8699564336147281,-348.7969308722403
-432.0,0.0033572931603945005,0.048155817319331794,-0.8696528658770931,-348.57976651069794
-431.0,0.0033703659930403237,0.04822150654046866,-0.8693450798533716,-348.3596865323856
-430.0,0.0033835470898892096,0.04828669885554552,-0.8690330565307418,-348.1366815389761
-429.0,0.0033968371544312232,0.04835139189947845,-0.8687167767270835,-347.9107420921323
-428.0,0.0034102368927288545,0.048415583322980876,-0.8683962210907712,-347.68185871440005
-427.0,0.0034237470134055375,0.04847927079270559,-0.8680713701004714,-347.45002189011666
-426.0,0.0034373682276338862,0.04854245199138598,-0.8677422040649488,-347.21522206633836
-425.0,0.0034511012491236634,0.048605124617976385,-0.8674087031228751,-346.9774496537822
-424.0,0.003464946794109457,0.048667286387791615,-0.8670708472426463,-346.7366950277867
-423.0,0.003478905581338098,0.04872893503264565,-0.8667286162222047,-346.4929485292882
-422.0,0.003492978332055777,0.04879006830098943,-0.8663819896888694,-346.2462004658164
-421.0,0.00350716576999489,0.04885068395804776,-0.8660309470991715,-345.9964411125054
-420.0,0.0035214686213605956,0.0489107797859554,-0.8656754677386966,-345.7436607131235
-419.0,0.003535887614817086,0.04897035358389215,-0.8653155307219359,-345.4878494811212
-418.0,0.003550423481473569,0.049029403168217106,-0.8649511149921429,-345.2289976006963
-417.0,0.0035650769548699664,0.049087926372601946,-0.8645821993211972,-344.96709522787694
-416.0,0.003579848770962309,0.04914592104816326,-0.8642087623094782,-344.70213249162464
-415.0,0.003594739668107855,0.049203385063594035,-0.8638307823857447,-344.43409949495424
-414.0,0.003609750387049898,0.049260316305294004,-0.8634482378070225,-344.1629863160725
-413.0,0.0036248816709022885,0.049316712677499236,-0.8630611066585027,-343.8887830095372
-412.0,0.003640134265133658,0.04937257210241058,-0.8626693668534438,-343.6114796074323
-411.0,0.0036555089175513357,0.049427892520321155,-0.8622729961330887,-343.3310661205661
-410.0,0.003671006378284976,0.049482671889742924,-0.8618719720665842,-343.0475325396844
-409.0,0.0036866273997698696,0.04953690818753214,-0.8614662720509151,-342.7608688367072
-408.0,0.0037023727367299676,0.04959059940901381,-0.8610558733108432,-342.47106496598127
-407.0,0.00371824314616058,0.049643743568105136,-0.860640752898859,-342.1781108655557
-406.0,0.0037342393873107884,0.04969633869743795,-0.860220887695142,-341.88199645847556
-405.0,0.0037503622216655324,0.04974838284847993,-0.8597962544075303,-341.58271165409553
-404.0,0.0037666124129273953,0.049799874091655004,-0.8593668295715017,-341.2802463494151
-403.0,0.003782990726998077,0.049850810516462396,-0.858932589550164,-340.9745904304325
-402.0,0.003799497931959552,0.04990119023159484,-0.858493510534258,-340.66573377352074
-401.0,0.0038161347980549126,0.0499510113650555,-0.8580495685421683,-340.3536662468226
-400.0,0.0038329020976689008,0.05000027206427389,-0.8576007394199483,-340.03837771166843
-399.0,0.0038498006053081166,0.050048970496220646,-0.8571469988413549,-339.71985802401275
-398.0,0.00386683109758091,0.050097104847521175,-0.8566883223078959,-339.3980970358943
-397.0,0.0038839943531769573,0.050144673324568144,-0.8562246851488878,-339.0730845969148
-396.0,0.0039012911528465066,0.05019167415363284,-0.855756062521527,-338.74481055574074
-395.0,0.003918722279379308,0.0502381055809754,-0.8552824294109739,-338.413264761627
-394.0,0.003936288517583217,0.050283965872953786,-0.8548037606304477,-338.07843706596043
-393.0,0.003953990654262476,0.05032925331613172,-0.8543200308213356,-337.740317323826
-392.0,0.0039718294781956555,0.05037396621738528,-0.8538312144533153,-337.39889539559596
-391.0,0.003989805780113286,0.050418102904008416,-0.8533372858244903,-337.05416114853904
-390.0,0.004007920352675151,0.05046166172381721,-0.8528382190615388,-336.70610445845296
-389.0,0.0040261739904472425,0.050504641045252936,-0.8523339881198773,-336.35471521131916
-388.0,0.0040445674898784,0.0505470392574839,-0.8518245667838372,-335.99998330497885
-387.0,0.004063101649276599,0.05058885477050601,-0.851309928666859,-335.6418986508337
-386.0,0.004081777268784924,0.050630086015242215,-0.8507900472116956,-335.28045117556564
-385.0,0.004100595150357185,0.05067073144364051,-0.8502648956906382,-334.91563082288394
-384.0,0.004119556097733221,0.050710789528770894,-0.8497344472057498,-334.54742755528935
-383.0,0.004138660916413838,0.0507502587649209,-0.8491986746891209,-334.175831355867
-382.0,0.0041579104136354305,0.05078913766768992,-0.848657550903137,-333.80083223009734
-381.0,0.004177305398344258,0.05082742477408228,-0.8481110484407645,-333.4224202076938
-380.0,0.004196846681170371,0.05086511864259891,-0.8475591397258513,-333.0405853444602
-379.0,0.004216535074401202,0.05090221785332785,-0.8470017970134461,-332.6553177241743
-378.0,0.004236371391954813,0.05093872100803335,-0.8464389923901343,-332.26660746049276
-377.0,0.004256356449352797,0.05097462673024371,-0.8458706977743904,-331.8744446988803
-376.0,0.004276491063692838,0.051009933665337764,-0.8452968849169488,-331.478819618561
-375.0,0.004296776053620912,0.051044640480630094,-0.8447175254011929,-331.07972243449467
-374.0,0.00431721223930316,0.05107874586545477,-0.8441325906435633,-330.67714339937635
-373.0,0.004337800442397396,0.05111224853124794,-0.8435420518939816,-330.2710728056572
-372.0,0.0043585414860242795,0.05114514721162891,-0.8429458802362962,-329.86150098759157
-371.0,0.00437943619473812,0.05117744066247991,-0.8423440465887477,-329.448418323307
-370.0,0.004400485394497352,0.05120912766202454,-0.8417365217044515,-329.0318152368971
-369.0,0.004421689912634641,0.05124020701090478,-0.8411232761719011,-328.61168220053776
-368.0,0.004443050577826645,0.051270677532256656,-0.8405042804154934,-328.1880097366286
-367.0,0.004464568220063421,0.05130053807178451,-0.8398795046960728,-327.76078841995644
-366.0,0.004486243670617481,0.051329787497833866,-0.8392489191114965,-327.3300088798834
-365.0,0.004508077762012484,0.05135842470146291,-0.8386124935972216,-326.89566180255775
-364.0,0.00453007132799158,0.05138644859651258,-0.8379701979269143,-326.45773793314976
-363.0,0.004552225203485396,0.05141385811967517,-0.837322001713079,-326.0162280781091
-362.0,0.004574540224579666,0.051440652230561656,-0.836667874407712,-325.57112310744776
-361.0,0.004597017228482494,0.051466829911767424,-0.8360077853029763,-325.1224139570452
-360.0,0.004619657053491279,0.0514923901689367,-0.8353417035319002,-324.67009163097754
-359.0,0.0046424605389592585,0.05151733203082548,-0.8346695980690993,-324.21414720387037
-358.0,0.004665428525261707,0.05154165454936308,-0.8339914377315211,-323.7545718232737
-357.0,0.004688561853761769,0.05156535679971214,-0.8333071911792146,-323.2913567120619
-356.0,0.0047118613667759355,0.05158843788032727,-0.8326168269161244,-322.82449317085536
-355.0,0.004735327907539152,0.05161089691301218,-0.8319203132909084,-322.35397258046595
-354.0,0.004758962320169575,0.05163273304297538,-0.8312176184977826,-321.87978640436586
-353.0,0.00478276544963296,0.05165394543888441,-0.8305087105773891,-321.40192619117823
-352.0,0.004806738141706686,0.05167453329291856,-0.8297935574176907,-320.92038357719116
-351.0,0.004830881242943428,0.051694495820820176,-0.8290721267548931,-320.4351502888948
-350.0,0.004855195600634447,0.05171383226194445,-0.8283443861743922,-319.9462181455407
-349.0,0.004879682062772546,0.051732541879307675,-0.8276103031117472,-319.4535790617218
-348.0,0.004904341478014623,0.05175062395963412,-0.826869844853685,-318.9572250499786
-347.0,0.004929174695643908,0.05176807781340133,-0.8261229785391268,-318.4571482234224
-346.0,0.004954182565531788,0.05178490277488393,-0.8253696711602475,-317.9533407983843
-345.0,0.004979365938099304,0.05180109820219597,-0.8246098895635617,-317.44579509708456
-344.0,0.005004725664278268,0.05181666347733173,-0.8238436004510374,-316.93450355032223
-343.0,0.005030262595472013,0.05183159800620501,-0.8230707703812402,-316.4194587001879
-342.0,0.005055977583515789,0.051845901218686936,-0.8222913657705072,-315.9006532027961
-341.0,0.0050818714806367855,0.05185957256864225,-0.8215053528941499,-315.3780798310395
-340.0,0.005107945139413796,0.051872611533964025,-0.8207126978876882,-314.8517314773623
-339.0,0.005134199412736507,0.05188501761660693,-0.8199133667481148,-314.32160115655563
-338.0,0.005160635153764442,0.051896790342618924,-0.8191073253351905,-313.78768200857115
-337.0,0.005187253215885521,0.05190792926217142,-0.8182945393727709,-313.2499673013552
-336.0,0.00521405445267426,0.05191843394958797,-0.8174749744501657,-312.7084504337026
-335.0,0.005241039717849623,0.05192830400337132,-0.81664859602353,-312.16312493812916
-334.0,0.0052682098652324875,0.05193753904622905,-0.8158153694172872,-311.61398448376264
-333.0,0.005295565748702754,0.05194613872509755,-0.8149752598255857,-311.0610228792521
-332.0,0.005323108222156101,0.05195410271116457,-0.8141282323137905,-310.5042340756967
-331.0,0.005350838139460365,0.05196143069989012,-0.8132742518200051,-309.9436121695895
-330.0,0.005378756354411561,0.05196812241102594,-0.8124132831566312,-309.3791514057812
-329.0,0.005406863720689546,0.051974177588633305,-0.8115452910119608,-308.8108461804592
-328.0,0.005435161091813308,0.05197959600109938,-0.8106702399518041,-308.23869104414314
-327.0,0.005463649321095906,0.05198437744115196,-0.8097880944211522,-307.6626807046973
-326.0,0.005492329261599041,0.051988521725872705,-0.8088988187458769,-307.0828100303582
-325.0,0.005521201766087269,0.0519920286967088,-0.8080023771344648,-306.49907405277645
-324.0,0.005550267686981849,0.05199489821948303,-0.8070987336797891,-305.91146797007434
-323.0,0.0055795278763142424,0.051997130184402385,-0.806187852360919,-305.31998714991784
-322.0,0.005608983185679241,0.05199872450606505,-0.8052696970449648,-304.7246271326005
-321.0,0.005638634466187736,0.05199968112346581,-0.8043442314889608,-304.12538363414194
-320.0,0.005668482568419146,0.052000000000000005,-0.8034114193417892,-303.5222525493989
-319.0,0.0056985283423734625,0.05199968112346581,-0.8024712241461383,-302.91522995518693
-318.0,0.005728772637422964,0.05199872450606505,-0.801523609340503,-302.30431211341545
-317.0,0.005759216302263557,0.051997130184402385,-0.8005685382612221,-301.68949547423114
-316.0,0.005789860184865768,0.05199489821948303,-0.799605974144558,-301.07077667917486
-315.0,0.00582070513242538,0.0519920286967088,-0.7986358801288138,-300.4481525643445
-314.0,0.0058517519913137235,0.051988521725872705,-0.7976582192564917,-299.82162016356904
-313.0,0.005883001607027601,0.05198437744115196,-0.7966729544764937,-299.19117671159074
-312.0,0.005914454824138876,0.05197959600109938,-0.7956800486463615,-298.5568196472539
-311.0,0.005946112486243695,0.051974177588633305,-0.7946794645345594,-297.9185466167013
-310.0,0.005977975435911384,0.05196812241102594,-0.7936711648227976,-297.2763554765761
-309.0,0.006010044514632967,0.05196143069989012,-0.7926551121084005,-296.6302442972302
-308.0,0.0060423205627693636,0.05195410271116457,-0.7916312689067141,-295.9802113659358
-307.0,0.0060748044194992275,0.05194613872509755,-0.7905995976535605,-295.3262551901023
-306.0,0.0061074969227664444,0.05193753904622905,-0.7895600607077327,-294.6683745004949
-305.0,0.006140398909227286,0.05192830400337132,-0.7885126203535342,-294.0065682544564
-304.0,0.006173511214197225,0.05191843394958797,-0.7874572388033645,-293.34083563913015
-303.0,0.006206834671597398,0.05190792926217142,-0.7863938782003455,-292.6711760746829
-302.0,0.006240370113900746,0.051896790342618924,-0.7853225006209972,-291.9975892175289
-301.0,0.00627411837207781,0.05188501761660693,-0.7842430680779549,-291.3200749635505
-300.0,0.0063080802755421895,0.051872611533964025,-0.7831555425227342,-290.6386334513188
-299.0,0.0063422566520956545,0.05185957256864225,-0.7820598858485416,-289.95326506530967
-298.0,0.006376648327872954,0.051845901218686936,-0.7809560598931304,-289.2639704391164
-297.0,0.006411256127286265,0.05183159800620501,-0.7798440264417053,-288.57075045865764
-296.0,0.006446080872969317,0.05181666347733173,-0.7787237472298708,-287.873606265378
-295.0,0.006481123385721208,0.05180109820219597,-0.7775951839466309,-287.1725392594433
-294.0,0.006516384484449863,0.05178490277488393,-0.7764582982374333,-286.4675511029268
-293.0,0.006551864986115195,0.05176807781340133,-0.7753130517072623,-285.7586437229857
-292.0,0.006587565705671923,0.05175062395963412,-0.7741594059237813,-285.0458193150291
-291.0,0.006623487456012084,0.051732541879307675,-0.7729973224205217,-284.3290803458727
-290.0,0.006659631047907215,0.05171383226194445,-0.7718267627001234,-283.60842955688304
-289.0,0.006695997289950221,0.051694495820820176,-0.7706476882376213,-282.88386996710585
-288.0,0.006732586988496936,0.05167453329291856,-0.7694600604837841,-282.15540487638197
-287.0,0.006769400947607349,0.05165394543888441,-0.7682638408685017,-281.4230378684457
-286.0,0.006806439968986553,0.05163273304297538,-0.7670589908042216,-280.6867728140064
-285.0,0.0068437048519253444,0.05161089691301218,-0.7658454716894382,-279.94661387381257
-284.0,0.006881196393240548,0.05158843788032727,-0.7646232449122292,-279.20256550169404
-283.0,0.006918915387215023,0.05156535679971214,-0.7633922718538476,-278.45463244758713
-282.0,0.00695686262553737,0.05154165454936308,-0.7621525138923588,-277.70281976053286
-281.0,0.006995038897241326,0.05151733203082548,-0.7609039324063351,-276.9471327916559
-280.0,0.007033444988644889,0.0514923901689367,-0.7596464887785969,-276.187577197116
-279.0,0.007072081683289119,0.051466829911767424,-0.7583801444000083,-275.42415894103425
-278.0,0.0071109497618766565,0.051440652230561656,-0.7571048606733252,-274.65688429839213
-277.0,0.007150050002209958,0.05141385811967517,-0.7558205990170929,-273.8857598579008
-276.0,0.007189383179129225,0.05138644859651258,-0.7545273208695993,-273.11079252484075
-275.0,0.007228950064450073,0.05135842470146291,-0.7532249876928779,-272.3319895238691
-274.0,0.007268751426900892,0.051329787497833866,-0.7519135609767664,-271.5493584017943
-273.0,0.007308788032059942,0.05130053807178451,-0.7505930022430158,-270.7629070303158
-272.0,0.007349060642292168,0.051270677532256656,-0.7492632730494542,-269.9726436087275
-271.0,0.007389570016685739,0.05124020701090478,-0.747924334994203,-269.17857666658347
-270.0,0.007430316910988311,0.05120912766202454,-0.7465761497199479,-268.38071506632537
-269.0,0.00747130207754303,0.05117744066247991,-0.7452186789182617,-267.5790680058676
-268.0,0.007512526265224261,0.05114514721162891,-0.7438518843339815,-266.77364502114125
-267.0,0.007553990219373056,0.05111224853124794,-0.7424757277696418,-265.9644559885945
-266.0,0.007595694681732363,0.05107874586545477,-0.7410901710899567,-265.151511127646
-265.0,0.0076376403903819735,0.051044640480630094,-0.7396951762263617,-264.3348210030931
-264.0,0.00767982807967322,0.051009933665337764,-0.738290705181605,-263.5143965274695
-263.0,0.007722258480163426,0.05097462673024371,-0.7368767200343964,-262.6902489633546
-262.0,0.007764932318550087,0.05093872100803335,-0.7354531829441081,-261.86238992562903
-261.0,0.007807850317604845,0.05090221785332785,-0.7340200561555299,-261.0308313836773
-260.0,0.007851013196107173,0.05086511864259891,-0.7325773020036811,-260.19558566353555
-259.0,0.007894421668777865,0.05082742477408228,-0.731124882918673,-259.3566654499813
-258.0,0.007938076446212264,0.05078913766768992,-0.7296627614306287,-258.51408378856496
-257.0,0.007981978234813274,0.0507502587649209,-0.7281909001746554,-257.66785408758096
-256.0,0.008026127736724124,0.050710789528770894,-0.7267092618958718,-256.8179901199762
-255.0,0.008070525649760931,0.05067073144364051,-0.7252178094544893,-255.96450602519474
-254.0,0.00811517266734503,0.050630086015242215,-0.7237165058309477,-255.10741631095726
-253.0,0.008160069478435075,0.05058885477050601,-0.7222053141311041,-254.24673585497175
-252.0,0.008205216767458952,0.0505470392574839,-0.7206841975914768,-253.38247990657595
-251.0,0.008250615214245461,0.050504641045252936,-0.7191531195845422,-252.5146640883082
-250.0,0.008296265493955797,0.05046166172381721,-0.7176120436240864,-251.6433043974058
-249.0,0.008342168277014828,0.050418102904008416,-0.7160609333706088,-250.76841720722788
-248.0,0.00838832422904218,0.05037396621738528,-0.7144997526367811,-249.8900192686025
-247.0,0.008434734010783113,0.05032925331613172,-0.7129284653929578,-249.00812771109483
-246.0,0.008481398278039221,0.050283965872953786,-0.7113470357727407,-248.12276004419533
-245.0,0.008528317681598934,0.0502381055809754,-0.7097554280785968,-247.23393415842645
-244.0,0.008575492867167831,0.05019167415363284,-0.708153606787527,-246.34166832636424
-243.0,0.008622924475298808,0.050144673324568144,-0.7065415365567883,-245.44598120357463
-242.0,0.008670613141322009,0.050097104847521175,-0.7049191822296693,-244.54689182946348
-241.0,0.008718559495274648,0.050048970496220646,-0.7032865088413149,-243.64441962803508
-240.0,0.008766764161830636,0.05000027206427389,-0.7016434816246048,-242.73858440856088
-239.0,0.008815227760230021,0.0499510113650555,-0.6999900660160822,-241.82940636615467
-238.0,0.008863950904208327,0.04990119023159484,-0.6983262276619331,-240.91690608225252
-237.0,0.008912934201925684,0.049850810516462396,-0.6966519324240177,-240.0011045249965
-236.0,0.008962178255895839,0.049799874091655004,-0.6949671463859489,-239.08202304951885
-235.0,0.009011683662915009,0.04974838284847993,-0.6932718358592248,-238.15968339812713
-234.0,0.009061451013990597,0.04969633869743795,-0.6915659673894057,-237.2341077003851
-233.0,0.00911148089426977,0.049643743568105136,-0.6898495077623441,-236.30531847309123
-232.0,0.009161773882967898,0.04959059940901381,-0.6881224240104609,-235.37333862015055
-231.0,0.009212330553296889,0.04953690818753214,-0.6863846834190691,-234.43819143233813
-230.0,0.009263151472393361,0.049482671889742924,-0.684636253532748,-233.4999005869547
-229.0,0.00931423720124674,0.049427892520321155,-0.682877102161759,-232.55849014736845
-228.0,0.0093655882946272,0.04937257210241058,-0.6811071973885136,-231.6139845624465
-227.0,0.009417205301013535,0.049316712677499236,-0.6793265075740826,-230.66640866586937
-226.0,0.009469088762520901,0.049260316305294004,-0.677535001364753,-229.7157876753298
-225.0,0.009521239214828463,0.049203385063594035,-0.6757326476986282,-228.76214719161317
-224.0,0.00957365718710695,0.04914592104816326,-0.673919415812272,-227.8055131975573
-223.0,0.009626343201946119,0.049087926372601946,-0.6720952752473984,-226.84591205689242
-222.0,0.009679297775282146,0.049029403168217106,-0.670260195857598,-225.88337051295397
-221.0,0.009732521416324906,0.04897035358389215,-0.668414147815114,-224.91791568727533
-220.0,0.009786014627485217,0.0489107797859554,-0.6665571016176522,-223.9495750780493
-219.0,0.009839777904301987,0.04885068395804776,-0.664689028095236,-222.9783765584645
-218.0,0.0098938117353693,0.04879006830098943,-0.6628098984170985,-222.00434837491048
-217.0,0.009948116602263465,0.04872893503264565,-0.6609196840986138,-221.02751914505154
-216.0,0.010002692979469971,0.048667286387791615,-0.6590183570082668,-220.0479178557683
-215.0,0.010057541334310431,0.048605124617976385,-0.657105889374659,-219.06557386096432
-214.0,0.01011266212686946,0.04854245199138598,-0.6551822537935508,-218.08051687923734
-213.0,0.010168055809921523,0.04847927079270559,-0.6532474232349393,-217.09277699141296
-212.0,0.010223722828857746,0.048415583322980876,-0.6513013710501695,-216.10238463794
-211.0,0.0102796636216127,0.04835139189947845,-0.6493440709790793,-215.10937061614584
-210.0,0.010335878618591175,0.04828669885554552,-0.6473754971571765,-214.11376607735036
-209.0,0.010392368242594903,0.04822150654046866,-0.6453956241228478,-213.11560252383822
-208.0,0.010449132908749317,0.048155817319331794,-0.6434044268245955,-212.11491180568555
-207.0,0.010506173024430267,0.04808963357287338,-0.6414018806283068,-211.11172611744422
-206.0,0.010563488989190748,0.04802295769734275,-0.6393879613245486,-210.10607799467823
-205.0,0.010621081194687642,0.04795579210435576,-0.6373626451358887,-209.09800031035357
-204.0,0.010678950024608455,0.04788813922074953,-0.635325908724246,-208.0875262710806
-203.0,0.010737095854598085,0.04782000148843658,-0.6332777291982608,-207.07468941320622
-202.0,0.010795519052185605,0.04775138136425808,-0.631218084120691,-206.0595235987564
-201.0,0.010854219976711078,0.047682281319836456,-0.6291469515158311,-205.0420630112289
-200.0,0.010913198979252397,0.04761270384142727,-0.6270643098769488,-204.02234215123207
-199.0,0.010972456402552178,0.047542651429770315,-0.6249701381737444,-203.0003958319734
-198.0,0.0110319925809447,0.04747212659994011,-0.6228644158598252,-201.976259174593
-197.0,0.011091807840282871,0.04740113188119563,-0.6207471228802002,-200.9499676033449
-196.0,0.011151902497865292,0.04732966981682943,-0.6186182396787869,-199.92155684062251
-195.0,0.011212276862363344,0.04725774296401605,-0.6164777472059348,-198.89106290183037
-194.0,0.011272931233748385,0.047185353893659805,-0.6143256269259575,-197.85852209009863
-193.0,0.011333865903218979,0.04711250519024196,-0.6121618608246825,-196.8239709908451
-192.0,0.011395081153128246,0.047039199451667235,-0.609986431417003,-195.78744646617713
-191.0,0.011456577256911278,0.04696543928910971,-0.6077993217544435,-194.74898564914025
-190.0,0.011518354479012657,0.04689122732685822,-0.6056005154327292,-193.70862593780907
-189.0,0.011580413074814071,0.04681656620216101,-0.6033899965993609,-192.66640498922166
-188.0,0.011642753290562028,0.04674145856506994,-0.6011677499611935,-191.62236071315724
-187.0,0.011705375363295708,0.046665907078284136,-0.5989337607920167,-190.5765312657581
-186.0,0.011768279520774907,0.04658991441699298,-0.5966880149401338,-189.52895504299357
-185.0,0.011831465981408116,0.04651348326871872,-0.5944304988359419,-188.4796706739697
-184.0,0.011894934954180734,0.04643661633315846,-0.592161199499506,-187.42871701408114
-183.0,0.011958686638583427,0.046359316322025626,-0.5898801045481297,-186.37613313800907
-182.0,0.01202272122454061,0.046281585958891064,-0.5875872022039187,-185.32195833256296
-181.0,0.012087038892339095,0.04620342797902354,-0.585282481301336,-184.26623208936874
-180.0,0.012151639812556896,0.04612484512922978,-0.5829659312947455,-183.20899409740218
-179.0,0.012216524145992202,0.04604584016769413,-0.5806375422659449,-182.15028423536995
-178.0,0.012281692043592493,0.045966415863817736,-0.5782973049316839,-181.09014256393797
-177.0,0.012347143646383882,0.04588657499805726,-0.5759452106511659,-180.02860931780847
-176.0,0.012412879085400582,0.04580632036176322,-0.5735812514335324,-178.96572489764662
-175.0,0.01247889848161462,0.045725654757017974,-0.5712054199453285,-177.90152986185828
-174.0,0.0125452019458657,0.04564458099647316,-0.5688177095179431,-176.8360649182188
-173.0,0.012611789578791303,0.04556310190318698,-0.5664181141550303,-175.76937091535615
-172.0,0.012678661470756976,0.04548122031046092,-0.5640066285399015,-174.701488834088
-171.0,0.012745817701786847,0.04539893906167625,-0.5615832480428901,-173.63245977861493
-170.0,0.012813258341494367,0.04531626101013014,-0.5591479687286874,-172.56232496757158
-169.0,0.012880983449013264,0.04523318901887146,-0.5567007873636469,-171.49112572493758
-168.0,0.012948993072928763,0.045149725960536236,-0.5542417014230515,-170.4189034708083
-167.0,0.013017287251209018,0.04506587471718288,-0.551770709098349,-169.34569971203095
-166.0,0.013085866011136819,0.04498163818012712,-0.549287809304346,-168.27155603270373
-165.0,0.013154729369241535,0.04489701924977655,-0.5467930016863619,-167.19651408454337
-164.0,0.013223877331231346,0.04481202083546512,-0.5442862866273419,-166.12061557712187
-163.0,0.013293309891925724,0.04472664585528722,-0.5417676652549228,-165.04390226797508
-162.0,0.013363027035188199,0.04464089723593156,-0.5392371394484539,-163.9664159525855
-161.0,0.013433028733859412,0.04455477791251492,-0.5366947118459668,-162.88819845424177
-160.0,0.013503314949690454,0.04446829082841563,-0.5341403858510954,-161.80929161377773
-159.0,0.013573885633276519,0.04438143893510679,-0.53157416563994,-160.72973727919353
-158.0,0.013644740723990828,0.04429422519198952,-0.5289960561678777,-159.6495772951621
-157.0,0.013715880149918916,0.04420665256622577,-0.5264060631763119,-158.56885349242285
-156.0,0.013787303827793177,0.044118724032571215,-0.5238041931993636,-157.4876076770679
-155.0,0.013859011662927799,0.044030442573207894,-0.521190453570497,-156.40588161972084
-154.0,0.013931003549153975,0.04394181117757674,-0.5185648524290828,-155.3237170446149
-153.0,0.014003279368755497,0.04385283284221001,-0.5159273987268903,-154.24115561857056
-152.0,0.014075838992404678,0.0437635105705636,-0.5132781022345122,-153.15823893987871
-151.0,0.014148682279098618,0.043673847372849295,-0.5106169735477154,-152.0750085270917
-150.0,0.014221809076095859,0.04358384626586692,-0.5079440240937173,-150.99150580772613
-149.0,0.014295219218853383,0.04349351027283647,-0.5052592661373851,-149.9077721068816
-148.0,0.014368912530964003,0.04340284242323013,-0.5025627127873551,-148.8238486357792
-147.0,0.014442888824094113,0.04331184575260433,-0.4998543780020695,-147.73977648022338
-146.0,0.014517147897921872,0.043220523302431736,-0.49713427659572934,-146.6555965889921
-145.0,0.014591689540075716,0.04312887811993324,-0.49440242424416053,-145.57134976215926
-144.0,0.01466651352607335,0.043036913257909926,-0.4916588374905897,-144.48707663935318
-143.0,0.014741619619261096,0.042944631774575165,-0.48890353375132883,-143.4028176879566
-142.0,0.01481700757075368,0.04285203673338656,-0.4861365313213654,-142.31861319125218
-141.0,0.014892677119374436,0.04275913120287811,-0.48335784937985604,-141.234503236518
-140.0,0.014968627991595953,0.04266591825649229,-0.48056750799552045,-140.15052770307852
-139.0,0.015044859901481154,0.0425724009724123,-0.4777655281319344,-139.06672625031518
-138.0,0.015121372550624824,0.04247858243339435,-0.47495193165271826,-137.98313830564211
-137.0,0.015198165628095586,0.04238446572660002,-0.472126741326619,-136.89980305245155
-136.0,0.015275238810378337,0.042290053943428774,-0.4692899808324834,-135.81675941803462
-135.0,0.015352591761317168,0.042195350179350555,-0.46644167476411985,-134.7340460614824
-134.0,0.015430224132058737,0.04210035753373852,-0.46358184863504603,-133.6517013615725
-133.0,0.015508135560996138,0.042005079109701915,-0.4607105288831211,-132.56976340464706
-132.0,0.015586325673713252,0.04190951801391916,-0.4578277428750582,-131.48826997248722
-131.0,0.015664794082929596,0.04181367735647097,-0.4549335189108167,-130.4072585301896
-130.0,0.015743540388445672,0.04171756025067383,-0.45202788622787105,-129.32676621405128
-129.0,0.01582256417708884,0.0416211698129135,-0.44911087500535246,-128.24682981946734
-128.0,0.01590186502265971,0.04152450916247886,-0.4461825163680639,-127.1674857888489
-127.0,0.015981442485878995,0.04142758142139587,-0.44324284239036404,-126.08877019956601
-126.0,0.016061296114335013,0.04133038971426181,-0.44029188609991743,-125.01071875192166
-125.0,0.01614142544243162,0.0412329371680798,-0.43732968148131063,-123.93336675716344
-124.0,0.01622182999133675,0.04113522691209341,-0.43435626347952927,-122.85674912553822
-123.0,0.016302509268931464,0.04103726207762181,-0.4313716680032971,-121.7809003543969
-122.0,0.016383462769759632,0.040939045797894896,-0.4283759319282702,-120.70585451635407
-121.0,0.016464689974978085,0.040840581207888964,-0.42536909310009,-119.63164524751075
-120.0,0.016546190352307408,0.04074187144416247,-0.4223511903372862,-118.55830573574428
-119.0,0.016627963355983308,0.04064291964469229,-0.4193222634340331,-117.48586870907366
-118.0,0.016710008426708528,0.04054372894871018,-0.4162823531627546,-116.41436642410585
-117.0,0.016792324991605427,0.0404443024965396,-0.4132315012765737,-115.34383065456876
-116.0,0.016874912464169084,0.040344643429432926,-0.4101697505116097,-114.2742926799393
-115.0,0.016957770244221064,0.040244754889408985,-0.4070971445891158,-113.20578327417111
-114.0,0.017040897717863778,0.04014464001909096,-0.4040137282174573,-112.13833269452941
-113.0,0.017124294257435484,0.04004430196154471,-0.4009195470939287,-111.07197067053937
-112.0,0.017207959221465896,0.039943743860117426,-0.397814647906406,-110.00672639305441
-111.0,0.017291891954632425,0.03984296885827677,-0.39469907833483503,-108.94262850345147
-110.0,0.017376091787717117,0.039741980099450375,-0.39157288705254983,-107.87970508295902
-109.0,0.01746055803756416,0.039640780726865756,-0.388436123727423,-106.81798364212504
-108.0,0.01754529000703811,0.03953937388339075,-0.38528883902284466,-105.75749111043184
-107.0,0.01763028698498277,0.039437762711374294,-0.3821310845985263,-104.69825382606285
-106.0,0.017715548246180705,0.039335950352487735,-0.3789629131111315,-103.64029752583004
-105.0,0.017801073051313503,0.039233939947566604,-0.3757843782147282,-102.58364733526659
-104.0,0.01788686064692263,0.03913173463645286,-0.37259553456106353,-101.52832775889291
-103.0,0.017972910265371067,0.0390293375578376,-0.369396437799657,-100.47436267066124
-102.0,0.01805922112480557,0.03892675184910433,-0.3661871445777125,-99.42177530458622
-101.0,0.018145792429119692,0.03882398064617273,-0.36296771253984667,-98.37058824556763
-100.0,0.018232623367917485,0.03872102708334293,-0.35973820032763193,-97.32082342041154
-99.0,0.01831971311647792,0.038617894293140276,-0.3564986675789521,-96.27250208905616
-98.0,0.018407060835720045,0.03851458540616079,-0.3532491749271716,-95.22564483600955
-97.0,0.018494665672168863,0.03841110355091702,-0.34998978400011393,-94.18027156200425
-96.0,0.018582526757921956,0.03830745185368455,-0.34672055741884883,-93.13640147587583
-95.0,0.018670643210616837,0.03820363343834905,-0.34344155879628885,-92.09405308667154
-94.0,0.01875901413339911,0.038099651426253954,-0.34015285273559026,-91.0532441959943
-93.0,0.018847638614891256,0.03799550893604866,-0.3368545048283624,-90.01399189058972
-92.0,0.01893651572916237,0.03789120908353746,-0.3335465816526778,-88.97631253517984
-91.0,0.019025644535698473,0.0377867549815289,-0.33022915077088844,-87.94022176555143
-90.0,0.01911502407937376,0.037682149739685984,-0.326902280727242,-86.90573448190338
-89.0,0.019204653390422523,0.03757739646437684,-0.3235660410453006,-85.87286484245938
-88.0,0.019294531484411945,0.0374724982585261,-0.32022050222515897,-84.84162625735114
-87.0,0.019384657362215597,0.03736745822146697,-0.316865735740463,-83.81203138277813
-86.0,0.019475030009987827,0.03726227944879387,-0.3135018140352259,-82.7840921154483
-85.0,0.01956564839913888,0.03715696503221585,-0.3101288105204434,-81.75781958730602
-84.0,0.019656511486310903,0.037051518059410614,-0.30674679957050494,-80.73322416055127
-83.0,0.01974761821335473,0.036945941613879256,-0.30335585651940195,-79.71031542295593
-82.0,0.019838967507307466,0.03684023877480174,-0.2999560576567341,-78.689102183482
-81.0,0.01993055828037095,0.03673441261689301,-0.29654748022350835,-77.66959246820548
-80.0,0.020022389429891048,0.036628466210259884,-0.2931302024077353,-76.65179351655149
-79.0,0.020114459838337782,0.03652240262025866,-0.28970430333981984,-75.63571177784483
-78.0,0.020206768373286277,0.03641622490735341,-0.2862698630877469,-74.62135290817983
-77.0,0.020299313887398626,0.03630993612697511,-0.28282696265206136,-73.60872176761403
-76.0,0.02039209521840655,0.03620353932938145,-0.2793756839606436,-72.59782241768974
-75.0,0.02048511118909499,0.03609703755951741,-0.275916109863277,-71.58865811928622
-74.0,0.020578360607286517,0.035990433856876655,-0.272448324126013,-70.58123133080797
-73.0,0.020671842265826627,0.03588373125536364,-0.2689724114253287,-69.57554370671079
-72.0,0.02076555494256998,0.03577693278315659,-0.26548845734207954,-68.57159609636959
-71.0,0.020859497400367417,0.035670041462571155,-0.26199654835524766,-67.56938854329144
-70.0,0.020953668387053995,0.03556306030992498,-0.2584967718354851,-66.56892028467594
-69.0,0.021048066635437825,0.03545599233540303,-0.25498921603845265,-65.57018975132621
-68.0,0.021142690863289848,0.03534884054292372,-0.25147397009795563,-64.57319456791282
-67.0,0.021237539773334556,0.03524160793000592,-0.24795112401887556,-63.577931553592784
-66.0,0.02133261205324158,0.03513429748763673,-0.2444207686698994,-62.584396722986035
-65.0,0.021427906375618207,0.03502691220014016,-0.24088299577604794,-61.59258528751129
-64.0,0.021523421398002847,0.03491945504504661,-0.23733789791100182,-60.60249165708262
-63.0,0.021619155762859416,0.03481192899296321,-0.2337855684892279,-59.614109442168605
-62.0,0.02171510809757264,0.03470433700744505,-0.2302261017579063,-58.627431456215156
-61.0,0.02181127701444434,0.03459668204486727,-0.2266595927886593,-57.64244971843321
-60.0,0.021907661110690632,0.03448896705429798,-0.2230861374690819,-56.6591554569517
-59.0,0.022004258968440063,0.034381194977372125,-0.2195058324940791,-55.6775391123374
-58.0,0.02210106915473274,0.034273368748166215,-0.2159187753570051,-54.69759034148062
-57.0,0.02219809022152043,0.03416549129307395,-0.21232506434061096,-53.7192980218481
-56.0,0.022295320705667553,0.03405756553068274,-0.20872479850779993,-52.742650256102564
-55.0,0.022392759128953194,0.03394959437165112,-0.20511807769219242,-51.767634377088726
-54.0,0.022490403998074136,0.033841580718587165,-0.20150500248850087,-50.794236953184864
-53.0,0.02258825380464876,0.03373352746592768,-0.19788567424271822,-49.82244379401983
-52.0,0.022686307025222015,0.033625437499818465,-0.19426019504212097,-48.85223995655422
-51.0,0.022784562121271362,0.03351731369799544,-0.19062866770508688,-47.88360975152399
-50.0,0.022883017539213665,0.03340915892966668,-0.18699119577073228,-46.91653675024605
-49.0,0.02298167171041314,0.033300976055395476,-0.18334788348836803,-45.95100379178311
-48.0,0.023080523051190238,0.033192767926984286,-0.1796988358067784,-44.98699299046666
-47.0,0.02317956996283161,0.03308453738735966,-0.17604415836332254,-44.024485743775124
-46.0,0.023278810831600986,0.03297628727045815,-0.17238395747286414,-43.06346274056576
-45.0,0.023378244028751174,0.03286802040111313,-0.16871834011652687,-42.103903969656315
-44.0,0.023477867910536958,0.03275973959494265,-0.1650474139302831,-41.14578872875513
-43.0,0.02357768081822912,0.032651447658238256,-0.1613712871933739,-40.189095633735114
-42.0,0.023677681078129405,0.03254314738785476,-0.15769006881656522,-39.23380262824917
-41.0,0.02377786700158658,0.032434841571101006,-0.15400386833024168,-38.279886993682965
-40.0,0.023878236885013462,0.03232653298563167,-0.15031279587234145,-37.327325359441566
-39.0,0.02397878900990502,0.03221822439934002,-0.14661696217613446,-36.376093713565744
-38.0,0.024079521642857503,0.03210991857025169,-0.14291647855784592,-35.426167413673454
-37.0,0.02418043303558859,0.03200161824641943,-0.13921145690412928,-34.47752119822232
-36.0,0.024281521424958645,0.03189332616581894,-0.13550200965938983,-33.53012919808792
-35.0,0.024382785032992918,0.03178504505624566,-0.1317882498129649,-32.583964948453826
-34.0,0.024484222066904877,0.03167677763521256,-0.12807029088615923,-31.63900140100686
-33.0,0.0245858307191206,0.03156852660984906,-0.12434824691914217,-30.695210936433256
-32.0,0.024687609167304128,0.03146029467680083,-0.12062223245770867,-29.752565377209766
-31.0,0.02478955557438399,0.03135208452213077,-0.11689236253990698,-28.811036000683746
-30.0,0.024891668088580718,0.03124389882122089,-0.11315875268253564,-27.87059355243617
-29.0,0.024993944843435444,0.03113574023867534,-0.10942151886751562,-26.931208259921778
-28.0,0.025096383957839585,0.031027611428224425,-0.10568077752813738,-25.992849846379222
-27.0,0.025198983536065554,0.030919515032629685,-0.1019366455351896,-25.055487545005217
-26.0,0.02530174166779859,0.03081145368359,-0.09818924018297,-24.119090113385283
-25.0,0.025404656428169616,0.030703430001648775,-0.09443867917518481,-23.183625848174636
-24.0,0.025507725877789232,0.030595446596102194,-0.09068508061073766,-22.249062600021507
-23.0,0.02561094806278269,0.030487506064908486,-0.08692856296941419,-21.315367788726032
-22.0,0.02571432101482609,0.030379610994598294,-0.08316924509746232,-20.382508418626344
-21.0,0.025817842751183498,0.03027176396018609,-0.07940724619307707,-19.45045109420532
-20.0,0.025921511274745276,0.03016396752508267,-0.0756426857917884,-18.519162035908888
-19.0,0.026025324574067463,0.03005622424100872,-0.07187568375175911,-17.58860709616861
-18.0,0.026129280623412167,0.02994853664790942,-0.06810636023899656,-16.65875177562029
-17.0,0.026233377382789184,0.029840907273870183,-0.06433483571247965,-15.729561239509732
-16.0,0.026337612797998587,0.02973333863503342,-0.06056123090920789,-14.801000334277838
-15.0,0.02644198480067446,0.029625833235516416,-0.056785666829175234,-13.87303360431612
-14.0,0.026546491308329756,0.02951839356733029,-0.05300826472027152,-12.945625308883612
-13.0,0.026651130224402172,0.029411022110299993,-0.04922914606311793,-12.018739439176892
-12.0,0.02675589943830116,0.02930372133198547,-0.04544843255583953,-11.092339735544003
-11.0,0.026860796825456106,0.029196493687603825,-0.0416662460987757,-10.166389704832365
-10.0,0.026965820247365442,0.02908934161995265,-0.03788270877914076,-9.240852637863503
-9.0,0.02707096755164702,0.028982267559334397,-0.03409794285562891,-8.31569162702285
-8.0,0.02717623657208952,0.028875273923481846,-0.030312070742974293,-7.3908695839569
-7.0,0.027281625128704926,0.02876836311748472,-0.026525214996469985,-6.466349257368103
-6.0,0.02738713102778214,0.028661537533717314,-0.02273749829644625,-5.542093250897106
-5.0,0.027492752061941732,0.028554799551767263,-0.018949043432715418,-4.6180640410834615
-4.0,0.027598486010191728,0.028448151538365447,-0.015159973288988014,-3.6942239953952516
-3.0,0.027704330637984484,0.0283415958473169,-0.011370410827262294,-2.770535390317422
-2.0,0.02781028369727482,0.028235134819432926,-0.00758047907219132,-1.8469604294890307
-1.0,0.02791634292657901,0.02812877078246421,-0.003790301095435563,-0.9234612618805351
0.0,0.02802250605103511,0.02802250605103511,0.0,0.0
1.0,0.02812877078246421,0.02791634292657901,0.003790301095435563,0.9234612618805351
2.0,0.028235134819432926,0.02781028369727482,0.00758047907219132,1.8469604294890307
3.0,0.0283415958473169,0.027704330637984484,0.011370410827262294,2.770535390317422
4.0,0.028448151538365447,0.027598486010191728,0.015159973288988014,3.6942239953952516
5.0,0.028554799551767263,0.027492752061941732,0.018949043432715418,4.6180640410834615
6.0,0.028661537533717314,0.02738713102778214,0.02273749829644625,5.542093250897106
7.0,0.02876836311748472,0.027281625128704926,0.026525214996469985,6.466349257368103
8.0,0.028875273923481846,0.02717623657208952,0.030312070742974293,7.3908695839569
9.0,0.028982267559334397,0.02707096755164702,0.03409794285562891,8.31569162702285
10.0,0.02908934161995265,0.026965820247365442,0.03788270877914076,9.240852637863503
11.0,0.029196493687603825,0.026860796825456106,0.0416662460987757,10.166389704832365
12.0,0.02930372133198547,0.02675589943830116,0.04544843255583953,11.092339735544003
13.0,0.029411022110299993,0.026651130224402172,0.04922914606311793,12.018739439176892
14.0,0.02951839356733029,0.026546491308329756,0.05300826472027152,12.945625308883612
15.0,0.029625833235516416,0.02644198480067446,0.056785666829175234,13.87303360431612
16.0,0.02973333863503342,0.026337612797998587,0.06056123090920789,14.801000334277838
17.0,0.029840907273870183,0.026233377382789184,0.06433483571247965,15.729561239509732
18.0,0.02994853664790942,0.026129280623412167,0.06810636023899656,16.65875177562029
19.0,0.03005622424100872,0.026025324574067463,0.07187568375175911,17.58860709616861
20.0,0.03016396752508267,0.025921511274745276,0.0756426857917884,18.519162035908888
21.0,0.03027176396018609,0.025817842751183498,0.07940724619307707,19.45045109420532
22.0,0.030379610994598294,0.02571432101482609,0.08316924509746232,20.382508418626344
23.0,0.030487506064908486,0.02561094806278269,0.08692856296941419,21.315367788726032
24.0,0.030595446596102194,0.025507725877789232,0.09068508061073766,22.249062600021507
25.0,0.030703430001648775,0.025404656428169616,0.09443867917518481,23.183625848174636
26.0,0.03081145368359,0.02530174166779859,0.09818924018297,24.119090113385283
27.0,0.030919515032629685,0.025198983536065554,0.1019366455351896,25.055487545005217
28.0,0.031027611428224425,0.025096383957839585,0.10568077752813738,25.992849846379222
29.0,0.03113574023867534,0.024993944843435444,0.10942151886751562,26.931208259921778
30.0,0.03124389882122089,0.024891668088580718,0.11315875268253564,27.87059355243617
31.0,0.03135208452213077,0.02478955557438399,0.11689236253990698,28.811036000683746
32.0,0.03146029467680083,0.024687609167304128,0.12062223245770867,29.752565377209766
33.0,0.03156852660984906,0.0245858307191206,0.12434824691914217,30.695210936433256
34.0,0.03167677763521256,0.024484222066904877,0.12807029088615923,31.63900140100686
35.0,0.03178504505624566,0.024382785032992918,0.1317882498129649,32.583964948453826
36.0,0.03189332616581894,0.024281521424958645,0.13550200965938983,33.53012919808792
37.0,0.03200161824641943,0.02418043303558859,0.13921145690412928,34.47752119822232
38.0,0.03210991857025169,0.024079521642857503,0.14291647855784592,35.426167413673454
39.0,0.03221822439934002,0.02397878900990502,0.14661696217613446,36.376093713565744
40.0,0.03232653298563167,0.023878236885013462,0.15031279587234145,37.327325359441566
41.0,0.032434841571101006,0.02377786700158658,0.15400386833024168,38.279886993682965
42.0,0.03254314738785476,0.023677681078129405,0.15769006881656522,39.23380262824917
43.0,0.032651447658238256,0.02357768081822912,0.1613712871933739,40.189095633735114
44.0,0.03275973959494265,0.023477867910536958,0.1650474139302831,41.14578872875513
45.0,0.03286802040111313,0.023378244028751174,0.16871834011652687,42.103903969656315
46.0,0.03297628727045815,0.023278810831600986,0.17238395747286414,43.06346274056576
47.0,0.03308453738735966,0.02317956996283161,0.17604415836332254,44.024485743775124
48.0,0.033192767926984286,0.023080523051190238,0.1796988358067784,44.98699299046666
49.0,0.033300976055395476,0.02298167171041314,0.18334788348836803,45.95100379178311
50.0,0.03340915892966668,0.022883017539213665,0.18699119577073228,46.91653675024605
51.0,0.03351731369799544,0.022784562121271362,0.19062866770508688,47.88360975152399
52.0,0.033625437499818465,0.022686307025222015,0.19426019504212097,48.85223995655422
53.0,0.03373352746592768,0.02258825380464876,0.19788567424271822,49.82244379401983
54.0,0.033841580718587165,0.022490403998074136,0.20150500248850087,50.794236953184864
55.0,0.03394959437165112,0.022392759128953194,0.20511807769219242,51.767634377088726
56.0,0.03405756553068274,0.022295320705667553,0.20872479850779993,52.742650256102564
57.0,0.03416549129307395,0.02219809022152043,0.21232506434061096,53.7192980218481
58.0,0.034273368748166215,0.02210106915473274,0.2159187753570051,54.69759034148062
59.0,0.034381194977372125,0.022004258968440063,0.2195058324940791,55.6775391123374
60.0,0.03448896705429798,0.021907661110690632,0.2230861374690819,56.6591554569517
61.0,0.03459668204486727,0.02181127701444434,0.2266595927886593,57.64244971843321
62.0,0.03470433700744505,0.02171510809757264,0.2302261017579063,58.627431456215156
63.0,0.03481192899296321,0.021619155762859416,0.2337855684892279,59.614109442168605
64.0,0.03491945504504661,0.021523421398002847,0.23733789791100182,60.60249165708262
65.0,0.03502691220014016,0.021427906375618207,0.24088299577604794,61.59258528751129
66.0,0.03513429748763673,0.02133261205324158,0.2444207686698994,62.584396722986035
67.0,0.03524160793000592,0.021237539773334556,0.24795112401887556,63.577931553592784
68.0,0.03534884054292372,0.021142690863289848,0.25147397009795563,64.57319456791282
69.0,0.03545599233540303,0.021048066635437825,0.25498921603845265,65.57018975132621
70.0,0.03556306030992498,0.020953668387053995,0.2584967718354851,66.56892028467594
71.0,0.035670041462571155,0.020859497400367417,0.26199654835524766,67.56938854329144
72.0,0.03577693278315659,0.02076555494256998,0.26548845734207954,68.57159609636959
73.0,0.03588373125536364,0.020671842265826627,0.2689724114253287,69.57554370671079
74.0,0.035990433856876655,0.020578360607286517,0.272448324126013,70.58123133080797
75.0,0.03609703755951741,0.02048511118909499,0.275916109863277,71.58865811928622
76.0,0.03620353932938145,0.02039209521840655,0.2793756839606436,72.59782241768974
77.0,0.03630993612697511,0.020299313887398626,0.28282696265206136,73.60872176761403
78.0,0.03641622490735341,0.020206768373286277,0.2862698630877469,74.62135290817983
79.0,0.03652240262025866,0.020114459838337782,0.28970430333981984,75.63571177784483
80.0,0.036628466210259884,0.020022389429891048,0.2931302024077353,76.65179351655149
81.0,0.03673441261689301,0.01993055828037095,0.29654748022350835,77.66959246820548
82.0,0.03684023877480174,0.019838967507307466,0.2999560576567341,78.689102183482
83.0,0.036945941613879256,0.01974761821335473,0.30335585651940195,79.71031542295593
84.0,0.037051518059410614,0.019656511486310903,0.30674679957050494,80.73322416055127
85.0,0.03715696503221585,0.01956564839913888,0.3101288105204434,81.75781958730602
86.0,0.03726227944879387,0.019475030009987827,0.3135018140352259,82.7840921154483
87.0,0.03736745822146697,0.019384657362215597,0.316865735740463,83.81203138277813
88.0,0.0374724982585261,0.019294531484411945,0.32022050222515897,84.84162625735114
89.0,0.03757739646437684,0.019204653390422523,0.3235660410453006,85.87286484245938
90.0,0.037682149739685984,0.01911502407937376,0.326902280727242,86.90573448190338
91.0,0.0377867549815289,0.019025644535698473,0.33022915077088844,87.94022176555143
92.0,0.03789120908353746,0.01893651572916237,0.3335465816526778,88.97631253517984
93.0,0.03799550893604866,0.018847638614891256,0.3368545048283624,90.01399189058972
94.0,0.038099651426253954,0.01875901413339911,0.34015285273559026,91.0532441959943
95.0,0.03820363343834905,0.018670643210616837,0.34344155879628885,92.09405308667154
96.0,0.03830745185368455,0.018582526757921956,0.34672055741884883,93.13640147587583
97.0,0.03841110355091702,0.018494665672168863,0.34998978400011393,94.18027156200425
98.0,0.03851458540616079,0.018407060835720045,0.3532491749271716,95.22564483600955
99.0,0.038617894293140276,0.01831971311647792,0.3564986675789521,96.27250208905616
100.0,0.03872102708334293,0.018232623367917485,0.35973820032763193,97.32082342041154
101.0,0.03882398064617273,0.018145792429119692,0.36296771253984667,98.37058824556763
102.0,0.03892675184910433,0.01805922112480557,0.3661871445777125,99.42177530458622
103.0,0.0390293375578376,0.017972910265371067,0.369396437799657,100.47436267066124
104.0,0.03913173463645286,0.01788686064692263,0.37259553456106353,101.52832775889291
105.0,0.039233939947566604,0.017801073051313503,0.3757843782147282,102.58364733526659
106.0,0.039335950352487735,0.017715548246180705,0.3789629131111315,103.64029752583004
107.0,0.039437762711374294,0.01763028698498277,0.3821310845985263,104.69825382606285
108.0,0.03953937388339075,0.01754529000703811,0.38528883902284466,105.75749111043184
109.0,0.039640780726865756,0.01746055803756416,0.388436123727423,106.81798364212504
110.0,0.039741980099450375,0.017376091787717117,0.39157288705254983,107.87970508295902
111.0,0.03984296885827677,0.017291891954632425,0.39469907833483503,108.94262850345147
112.0,0.039943743860117426,0.017207959221465896,0.397814647906406,110.00672639305441
113.0,0.04004430196154471,0.017124294257435484,0.4009195470939287,111.07197067053937
114.0,0.04014464001909096,0.017040897717863778,0.4040137282174573,112.13833269452941
115.0,0.040244754889408985,0.016957770244221064,0.4070971445891158,113.20578327417111
116.0,0.040344643429432926,0.016874912464169084,0.4101697505116097,114.2742926799393
117.0,0.0404443024965396,0.016792324991605427,0.4132315012765737,115.34383065456876
118.0,0.04054372894871018,0.016710008426708528,0.4162823531627546,116.41436642410585
119.0,0.04064291964469229,0.016627963355983308,0.4193222634340331,117.48586870907366
120.0,0.04074187144416247,0.016546190352307408,0.4223511903372862,118.55830573574428
121.0,0.040840581207888964,0.016464689974978085,0.42536909310009,119.63164524751075
122.0,0.040939045797894896,0.016383462769759632,0.4283759319282702,120.70585451635407
123.0,0.04103726207762181,0.016302509268931464,0.4313716680032971,121.7809003543969
124.0,0.04113522691209341,0.01622182999133675,0.43435626347952927,122.85674912553822
125.0,0.0412329371680798,0.01614142544243162,0.43732968148131063,123.93336675716344
126.0,0.04133038971426181,0.016061296114335013,0.44029188609991743,125.01071875192166
127.0,0.04142758142139587,0.015981442485878995,0.44324284239036404,126.08877019956601
128.0,0.04152450916247886,0.01590186502265971,0.4461825163680639,127.1674857888489
129.0,0.0416211698129135,0.01582256417708884,0.44911087500535246,128.24682981946734
130.0,0.04171756025067383,0.015743540388445672,0.45202788622787105,129.32676621405128
131.0,0.04181367735647097,0.015664794082929596,0.4549335189108167,130.4072585301896
132.0,0.04190951801391916,0.015586325673713252,0.4578277428750582,131.48826997248722
133.0,0.042005079109701915,0.015508135560996138,0.4607105288831211,132.56976340464706
134.0,0.04210035753373852,0.015430224132058737,0.46358184863504603,133.6517013615725
135.0,0.042195350179350555,0.015352591761317168,0.46644167476411985,134.7340460614824
136.0,0.042290053943428774,0.015275238810378337,0.4692899808324834,135.81675941803462
137.0,0.04238446572660002,0.015198165628095586,0.472126741326619,136.89980305245155
138.0,0.04247858243339435,0.015121372550624824,0.47495193165271826,137.98313830564211
139.0,0.0425724009724123,0.015044859901481154,0.4777655281319344,139.06672625031518
140.0,0.04266591825649229,0.014968627991595953,0.48056750799552045,140.15052770307852
141.0,0.04275913120287811,0.014892677119374436,0.48335784937985604,141.234503236518
142.0,0.04285203673338656,0.01481700757075368,0.4861365313213654,142.31861319125218
143.0,0.042944631774575165,0.014741619619261096,0.48890353375132883,143.4028176879566
144.0,0.043036913257909926,0.01466651352607335,0.4916588374905897,144.48707663935318
145.0,0.04312887811993324,0.014591689540075716,0.49440242424416053,145.57134976215926
146.0,0.043220523302431736,0.014517147897921872,0.49713427659572934,146.6555965889921
147.0,0.04331184575260433,0.014442888824094113,0.4998543780020695,147.73977648022338
148.0,0.04340284242323013,0.014368912530964003,0.5025627127873551,148.8238486357792
149.0,0.04349351027283647,0.014295219218853383,0.5052592661373851,149.9077721068816
150.0,0.04358384626586692,0.014221809076095859,0.5079440240937173,150.99150580772613
151.0,0.043673847372849295,0.014148682279098618,0.5106169735477154,152.0750085270917
152.0,0.0437635105705636,0.014075838992404678,0.5132781022345122,153.15823893987871
153.0,0.04385283284221001,0.014003279368755497,0.5159273987268903,154.24115561857056
154.0,0.04394181117757674,0.013931003549153975,0.5185648524290828,155.3237170446149
155.0,0.044030442573207894,0.013859011662927799,0.521190453570497,156.40588161972084
156.0,0.044118724032571215,0.013787303827793177,0.5238041931993636,157.4876076770679
157.0,0.04420665256622577,0.013715880149918916,0.5264060631763119,158.56885349242285
158.0,0.04429422519198952,0.013644740723990828,0.5289960561678777,159.6495772951621
159.0,0.04438143893510679,0.013573885633276519,0.53157416563994,160.72973727919353
160.0,0.04446829082841563,0.013503314949690454,0.5341403858510954,161.80929161377773
161.0,0.04455477791251492,0.013433028733859412,0.5366947118459668,162.88819845424177
162.0,0.04464089723593156,0.013363027035188199,0.5392371394484539,163.9664159525855
163.0,0.04472664585528722,0.013293309891925724,0.5417676652549228,165.04390226797508
164.0,0.04481202083546512,0.013223877331231346,0.5442862866273419,166.12061557712187
165.0,0.04489701924977655,0.013154729369241535,0.5467930016863619,167.19651408454337
166.0,0.04498163818012712,0.013085866011136819,0.549287809304346,168.27155603270373
167.0,0.04506587471718288,0.013017287251209018,0.551770709098349,169.34569971203095
168.0,0.045149725960536236,0.012948993072928763,0.5542417014230515,170.4189034708083
169.0,0.04523318901887146,0.012880983449013264,0.5567007873636469,171.49112572493758
170.0,0.04531626101013014,0.012813258341494367,0.5591479687286874,172.56232496757158
171.0,0.04539893906167625,0.012745817701786847,0.5615832480428901,173.63245977861493
172.0,0.04548122031046092,0.012678661470756976,0.5640066285399015,174.701488834088
173.0,0.04556310190318698,0.012611789578791303,0.5664181141550303,175.76937091535615
174.0,0.04564458099647316,0.0125452019458657,0.5688177095179431,176.8360649182188
175.0,0.045725654757017974,0.01247889848161462,0.5712054199453285,177.90152986185828
176.0,0.04580632036176322,0.012412879085400582,0.5735812514335324,178.96572489764662
177.0,0.04588657499805726,0.012347143646383882,0.5759452106511659,180.02860931780847
178.0,0.045966415863817736,0.012281692043592493,0.5782973049316839,181.09014256393797
179.0,0.04604584016769413,0.012216524145992202,0.5806375422659449,182.15028423536995
180.0,0.04612484512922978,0.012151639812556896,0.5829659312947455,183.20899409740218
181.0,0.04620342797902354,0.012087038892339095,0.585282481301336,184.26623208936874
182.0,0.046281585958891064,0.01202272122454061,0.5875872022039187,185.32195833256296
183.0,0.046359316322025626,0.011958686638583427,0.5898801045481297,186.37613313800907
184.0,0.04643661633315846,0.011894934954180734,0.592161199499506,187.42871701408114
185.0,0.04651348326871872,0.011831465981408116,0.5944304988359419,188.4796706739697
186.0,0.04658991441699298,0.011768279520774907,0.5966880149401338,189.52895504299357
187.0,0.046665907078284136,0.011705375363295708,0.5989337607920167,190.5765312657581
188.0,0.04674145856506994,0.011642753290562028,0.6011677499611935,191.62236071315724
189.0,0.04681656620216101,0.011580413074814071,0.6033899965993609,192.66640498922166
190.0,0.04689122732685822,0.011518354479012657,0.6056005154327292,193.70862593780907
191.0,0.04696543928910971,0.011456577256911278,0.6077993217544435,194.74898564914025
192.0,0.047039199451667235,0.011395081153128246,0.609986431417003,195.78744646617713
193.0,0.04711250519024196,0.011333865903218979,0.6121618608246825,196.8239709908451
194.0,0.047185353893659805,0.011272931233748385,0.6143256269259575,197.85852209009863
195.0,0.04725774296401605,0.011212276862363344,0.6164777472059348,198.89106290183037
196.0,0.04732966981682943,0.011151902497865292,0.6186182396787869,199.92155684062251
197.0,0.04740113188119563,0.011091807840282871,0.6207471228802002,200.9499676033449
198.0,0.04747212659994011,0.0110319925809447,0.6228644158598252,201.976259174593
199.0,0.047542651429770315,0.010972456402552178,0.6249701381737444,203.0003958319734
200.0,0.04761270384142727,0.010913198979252397,0.6270643098769488,204.02234215123207
201.0,0.047682281319836456,0.010854219976711078,0.6291469515158311,205.0420630112289
202.0,0.04775138136425808,0.010795519052185605,0.631218084120691,206.0595235987564
203.0,0.04782000148843658,0.010737095854598085,0.6332777291982608,207.07468941320622
204.0,0.04788813922074953,0.010678950024608455,0.635325908724246,208.0875262710806
205.0,0.04795579210435576,0.010621081194687642,0.6373626451358887,209.09800031035357
206.0,0.04802295769734275,0.010563488989190748,0.6393879613245486,210.10607799467823
207.0,0.04808963357287338,0.010506173024430267,0.6414018806283068,211.11172611744422
208.0,0.048155817319331794,0.010449132908749317,0.6434044268245955,212.11491180568555
209.0,0.04822150654046866,0.010392368242594903,0.6453956241228478,213.11560252383822
210.0,0.04828669885554552,0.010335878618591175,0.6473754971571765,214.11376607735036
211.0,0.04835139189947845,0.0102796636216127,0.6493440709790793,215.10937061614584
212.0,0.048415583322980876,0.010223722828857746,0.6513013710501695,216.10238463794
213.0,0.04847927079270559,0.010168055809921523,0.6532474232349393,217.09277699141296
214.0,0.04854245199138598,0.01011266212686946,0.6551822537935508,218.08051687923734
215.0,0.048605124617976385,0.010057541334310431,0.657105889374659,219.06557386096432
216.0,0.048667286387791615,0.010002692979469971,0.6590183570082668,220.0479178557683
217.0,0.04872893503264565,0.009948116602263465,0.6609196840986138,221.02751914505154
218.0,0.04879006830098943,0.0098938117353693,0.6628098984170985,222.00434837491048
219.0,0.04885068395804776,0.009839777904301987,0.664689028095236,222.9783765584645
220.0,0.0489107797859554,0.009786014627485217,0.6665571016176522,223.9495750780493
221.0,0.04897035358389215,0.009732521416324906,0.668414147815114,224.91791568727533
222.0,0.049029403168217106,0.009679297775282146,0.670260195857598,225.88337051295397
223.0,0.049087926372601946,0.009626343201946119,0.6720952752473984,226.84591205689242
224.0,0.04914592104816326,0.00957365718710695,0.673919415812272,227.8055131975573
225.0,0.049203385063594035,0.009521239214828463,0.6757326476986282,228.76214719161317
226.0,0.049260316305294004,0.009469088762520901,0.677535001364753,229.7157876753298
227.0,0.049316712677499236,0.009417205301013535,0.6793265075740826,230.66640866586937
228.0,0.04937257210241058,0.0093655882946272,0.6811071973885136,231.6139845624465
229.0,0.049427892520321155,0.00931423720124674,0.682877102161759,232.55849014736845
230.0,0.049482671889742924,0.009263151472393361,0.684636253532748,233.4999005869547
231.0,0.04953690818753214,0.009212330553296889,0.6863846834190691,234.43819143233813
232.0,0.04959059940901381,0.009161773882967898,0.6881224240104609,235.37333862015055
233.0,0.049643743568105136,0.00911148089426977,0.6898495077623441,236.30531847309123
234.0,0.04969633869743795,0.009061451013990597,0.6915659673894057,237.2341077003851
235.0,0.04974838284847993,0.009011683662915009,0.6932718358592248,238.15968339812713
236.0,0.049799874091655004,0.008962178255895839,0.6949671463859489,239.08202304951885
237.0,0.049850810516462396,0.008912934201925684,0.6966519324240177,240.0011045249965
238.0,0.04990119023159484,0.008863950904208327,0.6983262276619331,240.91690608225252
239.0,0.0499510113650555,0.008815227760230021,0.6999900660160822,241.82940636615467
240.0,0.05000027206427389,0.008766764161830636,0.7016434816246048,242.73858440856088
241.0,0.050048970496220646,0.008718559495274648,0.7032865088413149,243.64441962803508
242.0,0.050097104847521175,0.008670613141322009,0.7049191822296693,244.54689182946348
243.0,0.050144673324568144,0.008622924475298808,0.7065415365567883,245.44598120357463
244.0,0.05019167415363284,0.008575492867167831,0.708153606787527,246.34166832636424
245.0,0.0502381055809754,0.008528317681598934,0.7097554280785968,247.23393415842645
246.0,0.050283965872953786,0.008481398278039221,0.7113470357727407,248.12276004419533
247.0,0.05032925331613172,0.008434734010783113,0.7129284653929578,249.00812771109483
248.0,0.05037396621738528,0.00838832422904218,0.7144997526367811,249.8900192686025
249.0,0.050418102904008416,0.008342168277014828,0.7160609333706088,250.76841720722788
250.0,0.05046166172381721,0.008296265493955797,0.7176120436240864,251.6433043974058
251.0,0.050504641045252936,0.008250615214245461,0.7191531195845422,252.5146640883082
252.0,0.0505470392574839,0.008205216767458952,0.7206841975914768,253.38247990657595
253.0,0.05058885477050601,0.008160069478435075,0.7222053141311041,254.24673585497175
254.0,0.050630086015242215,0.00811517266734503,0.7237165058309477,255.10741631095726
255.0,0.05067073144364051,0.008070525649760931,0.7252178094544893,255.96450602519474
256.0,0.050710789528770894,0.008026127736724124,0.7267092618958718,256.8179901199762
257.0,0.0507502587649209,0.007981978234813274,0.7281909001746554,257.66785408758096
258.0,0.05078913766768992,0.007938076446212264,0.7296627614306287,258.51408378856496
259.0,0.05082742477408228,0.007894421668777865,0.731124882918673,259.3566654499813
260.0,0.05086511864259891,0.007851013196107173,0.7325773020036811,260.19558566353555
261.0,0.05090221785332785,0.007807850317604845,0.7340200561555299,261.0308313836773
262.0,0.05093872100803335,0.007764932318550087,0.7354531829441081,261.86238992562903
263.0,0.05097462673024371,0.007722258480163426,0.7368767200343964,262.6902489633546
264.0,0.051009933665337764,0.00767982807967322,0.738290705181605,263.5143965274695
265.0,0.051044640480630094,0.0076376403903819735,0.7396951762263617,264.3348210030931
266.0,0.05107874586545477,0.007595694681732363,0.7410901710899567,265.151511127646
267.0,0.05111224853124794,0.007553990219373056,0.7424757277696418,265.9644559885945
268.0,0.05114514721162891,0.007512526265224261,0.7438518843339815,266.77364502114125
269.0,0.05117744066247991,0.00747130207754303,0.7452186789182617,267.5790680058676
270.0,0.05120912766202454,0.007430316910988311,0.7465761497199479,268.38071506632537
271.0,0.05124020701090478,0.007389570016685739,0.747924334994203,269.17857666658347
272.0,0.051270677532256656,0.007349060642292168,0.7492632730494542,269.9726436087275
273.0,0.05130053807178451,0.007308788032059942,0.7505930022430158,270.7629070303158
274.0,0.051329787497833866,0.007268751426900892,0.7519135609767664,271.5493584017943
275.0,0.05135842470146291,0.007228950064450073,0.7532249876928779,272.3319895238691
276.0,0.05138644859651258,0.007189383179129225,0.7545273208695993,273.11079252484075
277.0,0.05141385811967517,0.007150050002209958,0.7558205990170929,273.8857598579008
278.0,0.051440652230561656,0.0071109497618766565,0.7571048606733252,274.65688429839213
279.0,0.051466829911767424,0.007072081683289119,0.7583801444000083,275.42415894103425
280.0,0.0514923901689367,0.007033444988644889,0.7596464887785969,276.187577197116
281.0,0.05151733203082548,0.006995038897241326,0.7609039324063351,276.9471327916559
282.0,0.05154165454936308,0.00695686262553737,0.7621525138923588,277.70281976053286
283.0,0.05156535679971214,0.006918915387215023,0.7633922718538476,278.45463244758713
284.0,0.05158843788032727,0.006881196393240548,0.7646232449122292,279.20256550169404
285.0,0.05161089691301218,0.0068437048519253444,0.7658454716894382,279.94661387381257
286.0,0.05163273304297538,0.006806439968986553,0.7670589908042216,280.6867728140064
287.0,0.05165394543888441,0.006769400947607349,0.7682638408685017,281.4230378684457
288.0,0.05167453329291856,0.006732586988496936,0.7694600604837841,282.15540487638197
289.0,0.051694495820820176,0.006695997289950221,0.7706476882376213,282.88386996710585
290.0,0.05171383226194445,0.006659631047907215,0.7718267627001234,283.60842955688304
291.0,0.051732541879307675,0.006623487456012084,0.7729973224205217,284.3290803458727
292.0,0.05175062395963412,0.006587565705671923,0.7741594059237813,285.0458193150291
293.0,0.05176807781340133,0.006551864986115195,0.7753130517072623,285.7586437229857
294.0,0.05178490277488393,0.006516384484449863,0.7764582982374333,286.4675511029268
295.0,0.05180109820219597,0.006481123385721208,0.7775951839466309,287.1725392594433
296.0,0.05181666347733173,0.006446080872969317,0.7787237472298708,287.873606265378
297.0,0.05183159800620501,0.006411256127286265,0.7798440264417053,288.57075045865764
298.0,0.051845901218686936,0.006376648327872954,0.7809560598931304,289.2639704391164
299.0,0.05185957256864225,0.0063422566520956545,0.7820598858485416,289.95326506530967
300.0,0.051872611533964025,0.0063080802755421895,0.7831555425227342,290.6386334513188
301.0,0.05188501761660693,0.00627411837207781,0.7842430680779549,291.3200749635505
302.0,0.051896790342618924,0.006240370113900746,0.7853225006209972,291.9975892175289
303.0,0.05190792926217142,0.006206834671597398,0.7863938782003455,292.6711760746829
304.0,0.05191843394958797,0.006173511214197225,0.7874572388033645,293.34083563913015
305.0,0.05192830400337132,0.006140398909227286,0.7885126203535342,294.0065682544564
306.0,0.05193753904622905,0.0061074969227664444,0.7895600607077327,294.6683745004949
307.0,0.05194613872509755,0.0060748044194992275,0.7905995976535605,295.3262551901023
308.0,0.05195410271116457,0.0060423205627693636,0.7916312689067141,295.9802113659358
309.0,0.05196143069989012,0.006010044514632967,0.7926551121084005,296.6302442972302
310.0,0.05196812241102594,0.005977975435911384,0.7936711648227976,297.2763554765761
311.0,0.051974177588633305,0.005946112486243695,0.7946794645345594,297.9185466167013
312.0,0.05197959600109938,0.005914454824138876,0.7956800486463615,298.5568196472539
313.0,0.05198437744115196,0.005883001607027601,0.7966729544764937,299.19117671159074
314.0,0.051988521725872705,0.0058517519913137235,0.7976582192564917,299.82162016356904
315.0,0.0519920286967088,0.00582070513242538,0.7986358801288138,300.4481525643445
316.0,0.05199489821948303,0.005789860184865768,0.799605974144558,301.07077667917486
317.0,0.051997130184402385,0.005759216302263557,0.8005685382612221,301.68949547423114
318.0,0.05199872450606505,0.005728772637422964,0.801523609340503,302.30431211341545
319.0,0.05199968112346581,0.0056985283423734625,0.8024712241461383,302.91522995518693
320.0,0.052000000000000005,0.005668482568419146,0.8034114193417892,303.5222525493989
321.0,0.05199968112346581,0.005638634466187736,0.8043442314889608,304.12538363414194
322.0,0.05199872450606505,0.005608983185679241,0.8052696970449648,304.7246271326005
323.0,0.051997130184402385,0.0055795278763142424,0.806187852360919,305.31998714991784
324.0,0.05199489821948303,0.005550267686981849,0.8070987336797891,305.91146797007434
325.0,0.0519920286967088,0.005521201766087269,0.8080023771344648,306.49907405277645
326.0,0.051988521725872705,0.005492329261599041,0.8088988187458769,307.0828100303582
327.0,0.05198437744115196,0.005463649321095906,0.8097880944211522,307.6626807046973
328.0,0.05197959600109938,0.005435161091813308,0.8106702399518041,308.23869104414314
329.0,0.051974177588633305,0.005406863720689546,0.8115452910119608,308.8108461804592
330.0,0.05196812241102594,0.005378756354411561,0.8124132831566312,309.3791514057812
331.0,0.05196143069989012,0.005350838139460365,0.8132742518200051,309.9436121695895
332.0,0.05195410271116457,0.005323108222156101,0.8141282323137905,310.5042340756967
333.0,0.05194613872509755,0.005295565748702754,0.8149752598255857,311.0610228792521
334.0,0.05193753904622905,0.0052682098652324875,0.8158153694172872,311.61398448376264
335.0,0.05192830400337132,0.005241039717849623,0.81664859602353,312.16312493812916
336.0,0.05191843394958797,0.00521405445267426,0.8174749744501657,312.7084504337026
337.0,0.05190792926217142,0.005187253215885521,0.8182945393727709,313.2499673013552
338.0,0.051896790342618924,0.005160635153764442,0.8191073253351905,313.78768200857115
339.0,0.05188501761660693,0.005134199412736507,0.8199133667481148,314.32160115655563
340.0,0.051872611533964025,0.005107945139413796,0.8207126978876882,314.8517314773623
341.0,0.05185957256864225,0.0050818714806367855,0.8215053528941499,315.3780798310395
342.0,0.051845901218686936,0.005055977583515789,0.8222913657705072,315.9006532027961
343.0,0.05183159800620501,0.005030262595472013,0.8230707703812402,316.4194587001879
344.0,0.05181666347733173,0.005004725664278268,0.8238436004510374,316.93450355032223
345.0,0.05180109820219597,0.004979365938099304,0.8246098895635617,317.44579509708456
346.0,0.05178490277488393,0.004954182565531788,0.8253696711602475,317.9533407983843
347.0,0.05176807781340133,0.004929174695643908,0.8261229785391268,318.4571482234224
348.0,0.05175062395963412,0.004904341478014623,0.826869844853685,318.9572250499786
349.0,0.051732541879307675,0.004879682062772546,0.8276103031117472,319.4535790617218
350.0,0.05171383226194445,0.004855195600634447,0.8283443861743922,319.9462181455407
351.0,0.051694495820820176,0.004830881242943428,0.8290721267548931,320.4351502888948
352.0,0.05167453329291856,0.004806738141706686,0.8297935574176907,320.92038357719116
353.0,0.05165394543888441,0.00478276544963296,0.8305087105773891,321.40192619117823
354.0,0.05163273304297538,0.004758962320169575,0.8312176184977826,321.87978640436586
355.0,0.05161089691301218,0.004735327907539152,0.8319203132909084,322.35397258046595
356.0,0.05158843788032727,0.0047118613667759355,0.8326168269161244,322.82449317085536
357.0,0.05156535679971214,0.004688561853761769,0.8333071911792146,323.2913567120619
358.0,0.05154165454936308,0.004665428525261707,0.8339914377315211,323.7545718232737
359.0,0.05151733203082548,0.0046424605389592585,0.8346695980690993,324.21414720387037
360.0,0.0514923901689367,0.004619657053491279,0.8353417035319002,324.67009163097754
361.0,0.051466829911767424,0.004597017228482494,0.8360077853029763,325.1224139570452
362.0,0.051440652230561656,0.004574540224579666,0.836667874407712,325.57112310744776
363.0,0.05141385811967517,0.004552225203485396,0.837322001713079,326.0162280781091
364.0,0.05138644859651258,0.00453007132799158,0.8379701979269143,326.45773793314976
365.0,0.05135842470146291,0.004508077762012484,0.8386124935972216,326.89566180255775
366.0,0.051329787497833866,0.004486243670617481,0.8392489191114965,327.3300088798834
367.0,0.05130053807178451,0.004464568220063421,0.8398795046960728,327.76078841995644
368.0,0.051270677532256656,0.004443050577826645,0.8405042804154934,328.1880097366286
369.0,0.05124020701090478,0.004421689912634641,0.8411232761719011,328.61168220053776
370.0,0.05120912766202454,0.004400485394497352,0.8417365217044515,329.0318152368971
371.0,0.05117744066247991,0.00437943619473812,0.8423440465887477,329.448418323307
372.0,0.05114514721162891,0.0043585414860242795,0.8429458802362962,329.86150098759157
373.0,0.05111224853124794,0.004337800442397396,0.8435420518939816,330.2710728056572
374.0,0.05107874586545477,0.00431721223930316,0.8441325906435633,330.67714339937635
375.0,0.051044640480630094,0.004296776053620912,0.8447175254011929,331.07972243449467
376.0,0.051009933665337764,0.004276491063692838,0.8452968849169488,331.478819618561
377.0,0.05097462673024371,0.004256356449352797,0.8458706977743904,331.8744446988803
378.0,0.05093872100803335,0.004236371391954813,0.8464389923901343,332.26660746049276
379.0,0.05090221785332785,0.004216535074401202,0.8470017970134461,332.6553177241743
380.0,0.05086511864259891,0.004196846681170371,0.8475591397258513,333.0405853444602
381.0,0.05082742477408228,0.004177305398344258,0.8481110484407645,333.4224202076938
382.0,0.05078913766768992,0.0041579104136354305,0.848657550903137,333.80083223009734
383.0,0.0507502587649209,0.004138660916413838,0.8491986746891209,334.175831355867
384.0,0.050710789528770894,0.004119556097733221,0.8497344472057498,334.54742755528935
385.0,0.05067073144364051,0.004100595150357185,0.8502648956906382,334.91563082288394
386.0,0.050630086015242215,0.004081777268784924,0.8507900472116956,335.28045117556564
387.0,0.05058885477050601,0.004063101649276599,0.851309928666859,335.6418986508337
388.0,0.0505470392574839,0.0040445674898784,0.8518245667838372,335.99998330497885
389.0,0.050504641045252936,0.0040261739904472425,0.8523339881198773,336.35471521131916
390.0,0.05046166172381721,0.004007920352675151,0.8528382190615388,336.70610445845296
391.0,0.050418102904008416,0.003989805780113286,0.8533372858244903,337.05416114853904
392.0,0.05037396621738528,0.0039718294781956555,0.8538312144533153,337.39889539559596
393.0,0.05032925331613172,0.003953990654262476,0.8543200308213356,337.740317323826
394.0,0.050283965872953786,0.003936288517583217,0.8548037606304477,338.07843706596043
395.0,0.0502381055809754,0.003918722279379308,0.8552824294109739,338.413264761627
396.0,0.05019167415363284,0.0039012911528465066,0.855756062521527,338.74481055574074
397.0,0.050144673324568144,0.0038839943531769573,0.8562246851488878,339.0730845969148
398.0,0.050097104847521175,0.00386683109758091,0.8566883223078959,339.3980970358943
399.0,0.050048970496220646,0.0038498006053081166,0.8571469988413549,339.71985802401275
400.0,0.05000027206427389,0.0038329020976689008,0.8576007394199483,340.03837771166843
401.0,0.0499510113650555,0.0038161347980549126,0.8580495685421683,340.3536662468226
402.0,0.04990119023159484,0.003799497931959552,0.858493510534258,340.66573377352074
403.0,0.049850810516462396,0.003782990726998077,0.858932589550164,340.9745904304325
404.0,0.049799874091655004,0.0037666124129273953,0.8593668295715017,341.2802463494151
405.0,0.04974838284847993,0.0037503622216655324,0.8597962544075303,341.58271165409553
406.0,0.04969633869743795,0.0037342393873107884,0.860220887695142,341.88199645847556
407.0,0.049643743568105136,0.00371824314616058,0.860640752898859,342.1781108655557
408.0,0.04959059940901381,0.0037023727367299676,0.8610558733108432,342.47106496598127
409.0,0.04953690818753214,0.0036866273997698696,0.8614662720509151,342.7608688367072
410.0,0.049482671889742924,0.003671006378284976,0.8618719720665842,343.0475325396844
411.0,0.049427892520321155,0.0036555089175513357,0.8622729961330887,343.3310661205661
412.0,0.04937257210241058,0.003640134265133658,0.8626693668534438,343.6114796074323
413.0,0.049316712677499236,0.0036248816709022885,0.8630611066585027,343.8887830095372
414.0,0.049260316305294004,0.003609750387049898,0.8634482378070225,344.1629863160725
415.0,0.049203385063594035,0.003594739668107855,0.8638307823857447,344.43409949495424
416.0,0.04914592104816326,0.003579848770962309,0.8642087623094782,344.70213249162464
417.0,0.049087926372601946,0.0035650769548699664,0.8645821993211972,344.96709522787694
418.0,0.049029403168217106,0.003550423481473569,0.8649511149921429,345.2289976006963
419.0,0.04897035358389215,0.003535887614817086,0.8653155307219359,345.4878494811212
420.0,0.0489107797859554,0.0035214686213605956,0.8656754677386966,345.7436607131235
421.0,0.04885068395804776,0.00350716576999489,0.8660309470991715,345.9964411125054
422.0,0.04879006830098943,0.003492978332055777,0.8663819896888694,346.2462004658164
423.0,0.04872893503264565,0.003478905581338098,0.8667286162222047,346.4929485292882
424.0,0.048667286387791615,0.003464946794109457,0.8670708472426463,346.7366950277867
425.0,0.048605124617976385,0.0034511012491236634,0.8674087031228751,346.9774496537822
426.0,0.04854245199138598,0.0034373682276338862,0.8677422040649488,347.21522206633836
427.0,0.04847927079270559,0.0034237470134055375,0.8680713701004714,347.45002189011666
428.0,0.048415583322980876,0.0034102368927288545,0.8683962210907712,347.68185871440005
429.0,0.04835139189947845,0.0033968371544312232,0.8687167767270835,347.9107420921323
430.0,0.04828669885554552,0.0033835470898892096,0.8690330565307418,348.1366815389761
431.0,0.04822150654046866,0.0033703659930403237,0.8693450798533716,348.3596865323856
432.0,0.048155817319331794,0.0033572931603945005,0.8696528658770931,348.57976651069794
433.0,0.04808963357287338,0.003344327891045318,0.8699564336147281,348.7969308722403
434.0,0.04802295769734275,0.003331469486680937,0.8702558019100113,349.01118897445224
435.0,0.04795579210435576,0.003318717251594775,0.8705509894378102,349.22255013302663
436.0,0.04788813922074953,0.0033060704926959118,0.8708420147043457,349.43102362106407
437.0,0.04782000148843658,0.00329352851951923,0.8711288960474225,349.63661866824543
438.0,0.04775138136425808,0.0032810906442352935,0.8714116516366592,349.83934446001786
439.0,0.047682281319836456,0.0032687561816599556,0.871690299473727,350.03921013679746
440.0,0.04761270384142727,0.003256524449263721,0.8719648573925914,350.23622479318794
441.0,0.047542651429770315,0.0032443947671808356,0.8722353430597583,350.43039747721343
442.0,0.04747212659994011,0.0032323664582181288,0.8725017739745236,350.6217371895658
443.0,0.04740113188119563,0.0032204388478635957,0.8727641674692282,350.8102528828688
444.0,0.04732966981682943,0.003208611264294728,0.8730225407095166,350.995953460955
445.0,0.04725774296401605,0.0031968830383865953,0.8732769106945967,351.17884777815766
446.0,0.047185353893659805,0.0031852535037196735,0.8735272942575083,351.3589446386186
447.0,0.04711250519024196,0.003173721996587428,0.8737737080653899,351.53625279560725
448.0,0.047039199451667235,0.003162287856003651,0.8740161686197514,351.71078095085653
449.0,0.04696543928910971,0.003150950423709553,0.87425469225675,351.88253775391115
450.0,0.04689122732685822,0.0031397090441806176,0.8744892951474686,352.0515318014901
451.0,0.04681656620216101,0.003128563064633204,0.8747199932981968,352.2177716368628
452.0,0.04674145856506994,0.0031175118350309254,0.8749468025507154,352.38126574923785
453.0,0.046665907078284136,0.003106554708090785,0.8751697385825832,352.54202257316626
454.0,0.04658991441699298,0.0030956910392890683,0.8753888169074263,352.70005048795724
455.0,0.04651348326871872,0.003084920186867022,0.8756040528752302,352.85535781710644
456.0,0.04643661633315846,0.00307424151183628,0.8758154616726331,353.00795282773754
457.0,0.046359316322025626,0.0030636543779840797,0.876023058323223,353.1578437300567
458.0,0.046281585958891064,0.0030531581518782325,0.8762268576878356,353.305038676819
459.0,0.04620342797902354,0.003042752202871888,0.8764268744648541,353.44954576280736
460.0,0.04612484512922978,0.0030324359031080566,0.8766231231905124,353.59137302432396
461.0,0.04604584016769413,0.0030222086275239245,0.876815618239197,353.7305284386927
462.0,0.045966415863817736,0.0030120697538549386,0.8770043738237547,353.86701992377596
463.0,0.04588657499805726,0.0030020186626386787,0.8771894039957974,354.0008553374994
464.0,0.04580632036176322,0.0029920547372185146,0.8773707226460108,354.13204247739213
465.0,0.045725654757017974,0.0029821773637470424,0.8775483435044654,354.26058908013624
466.0,0.04564458099647316,0.0029723859311893163,0.8777222801409249,354.3865028211277
467.0,0.04556310190318698,0.002962679831325864,0.8778925459651595,354.5097913140493
468.0,0.04548122031046092,0.002953058458755496,0.8780591542272584,354.6304621104544
469.0,0.04539893906167625,0.002943521210897908,0.8782221180179429,354.74852269936076
470.0,0.04531626101013014,0.002934067487996076,0.8783814502688819,354.86398050685693
471.0,0.04523318901887146,0.0029246966931184533,0.8785371637530054,354.9768428957168
472.0,0.045149725960536236,0.002915408232160959,0.8786892710848225,355.0871171650277
473.0,0.04506587471718288,0.002906201513848774,0.8788377847207355,355.19481054982566
474.0,0.04498163818012712,0.0028970759497379353,0.8789827169593579,355.2999302207438
475.0,0.04489701924977655,0.0028880309542167375,0.8791240799418311,355.40248328366886
476.0,0.04481202083546512,0.002879065944506936,0.8792618856521422,355.502476779409
477.0,0.04472664585528722,0.002870180340664764,0.8793961459174406,355.5999176833701
478.0,0.04464089723593156,0.0028613735655817554,0.8795268724083566,355.69481290524396
479.0,0.04455477791251492,0.002852645044985381,0.8796540766393179,355.78716928870324
480.0,0.04446829082841563,0.0028439942074394956,0.8797777699688694,355.8769936111094
481.0,0.04438143893510679,0.002835420484344608,0.8798979635999876,355.96429258322615
482.0,0.04429422519198952,0.002826923309937959,0.8800146685804008,356.04907284894574
483.0,0.04420665256622577,0.002818502121293423,0.8801278958029044,356.1313409850221
484.0,0.044118724032571215,0.002810156358321234,0.8802376560056776,356.21110350081335
485.0,0.044030442573207894,0.0028018854637675275,0.8803439597726015,356.2883668380354
486.0,0.04394181117757674,0.0027936888832137104,0.8804468175335722,356.36313737052035
487.0,0.04385283284221001,0.00278556606507566,0.8805462395648187,356.4354214039876
488.0,0.0437635105705636,0.002777516460602748,0.8806422359892153,356.5052251758209
489.0,0.043673847372849295,0.0027695395238766947,0.8807348167765977,356.57255485485547
490.0,0.04358384626586692,0.002761634711810256,0.8808239917440741,356.6374165411719
491.0,0.04349351027283647,0.002753801484145746,0.8809097705563399,356.6998162659007
492.0,0.04340284242323013,0.0027460393034533922,0.8809921627259878,356.75975999103235
493.0,0.04331184575260433,0.0027383476351295305,0.8810711776138197,356.8172536092378
494.0,0.043220523302431736,0.0027307259473946383,0.8811468244291549,356.8723029436946
495.0,0.04312887811993324,0.002723173711291209,0.8812191122301413,356.9249137479236
496.0,0.043036913257909926,0.002715690400681466,0.8812880499240608,356.97509170563103
497.0,0.042944631774575165,0.002708275492244934,0.8813536462676377,357.0228424305596
498.0,0.04285203673338656,0.0027009284654758354,0.8814159098673433,357.0681714663471
499.0,0.04275913120287811,0.002693648802680357,0.8814748491797003,357.1110842863917
500.0,0.04266591825649229,0.00268643598897375,0.8815304725115866,357.15158629372604
501.0,0.0425724009724123,0.0026792895122772944,0.881582788020536,357.1896828208973
502.0,0.04247858243339435,0.0026722088633151057,0.8816318037150389,357.2253791298548
503.0,0.04238446572660002,0.002665193535610806,0.8816775274548431,357.2586804118464
504.0,0.042290053943428774,0.0026582430254840474,0.8817199669512487,357.28959178731924
505.0,0.042195350179350555,0.0026513568320468955,0.8817591297674063,357.31811830582944
506.0,0.04210035753373852,0.0026445344572000734,0.8817950233186114,357.34426494595834
507.0,0.042005079109701915,0.0026377754056290705,0.881827654872597,357.3680366152349
508.0,0.04190951801391916,0.0026310791848001094,0.8818570315498256,357.38943815006576
509.0,0.04181367735647097,0.0026244453049559828,0.8818831603237801,357.40847431567164
510.0,0.04171756025067383,0.0026178732791117608,0.8819060480212509,357.42514980603016
511.0,0.0416211698129135,0.0026113626230503603,0.8819257013226239,357.4394692438252
512.0,0.04152450916247886,0.0026049128553179927,0.8819421267621651,357.45143718040356
513.0,0.04142758142139587,0.002598523497219475,0.8819553307283038,357.4610580957364
514.0,0.04133038971426181,0.0025921940728134297,0.8819653194639149,357.4683363983887
515.0,0.0412329371680798,0.0025859241089073426,0.8819720990665988,357.4732764254943
516.0,0.04113522691209341,0.0025797131350525147,0.8819756754889595,357.4758824427368
517.0,0.04103726207762181,0.0025735606835388847,0.8819760545388806,357.47615864433703
518.0,0.040939045797894896,0.0025674662893897327,0.8819732418798009,357.4741091530469
519.0,0.040840581207888964,0.002561429490356271,0.8819672430309855,357.46973802014816
520.0,0.04074187144416247,0.0025554498269121156,0.881958063367799,357.4630492254591
521.0,0.04064291964469229,0.0025495268422476456,0.8819457081219726,357.45404667734476
522.0,0.04054372894871018,0.0025436600822642485,0.8819301823818717,357.44273421273476
523.0,0.0404443024965396,0.002537849095568459,0.8819114910927618,357.4291155971465
524.0,0.040344643429432926,0.002532093433465981,0.8818896390570715,357.4131945247142
525.0,0.040244754889408985,0.0025263926499556116,0.8818646309346535,357.3949746182225
526.0,0.04014464001909096,0.0025207463017230536,0.8818364712430449,357.37445942914815
527.0,0.04004430196154471,0.0025151539481346233,0.8818051643577237,357.3516524377048
528.0,0.039943743860117426,0.002509615151230858,0.8817707145123659,357.32655705289505
529.0,0.03984296885827677,0.0025041294757200227,0.8817331257990977,357.2991766125673
530.0,0.039741980099450375,0.0024986964889715164,0.8816924021687471,357.26951438347743
531.0,0.039640780726865756,0.0024933157610091796,0.8816485474310958,357.2375735613586
532.0,0.03953937388339075,0.0024879868645045064,0.8816015652551246,357.20335727099314
533.0,0.039437762711374294,0.0024827093747697643,0.8815514591692601,357.1668685662915
534.0,0.039335950352487735,0.0024774828697510156,0.8814982325616184,357.1281104303765
535.0,0.039233939947566604,0.002472306930021051,0.8814418886802478,357.0870857756735
536.0,0.03913173463645286,0.0024671811387722343,0.8813824306333674,357.04379744400387
537.0,0.0390293375578376,0.0024621050818092512,0.8813198613896058,356.9982482066856
538.0,0.03892675184910433,0.0024570783475417815,0.8812541837782375,356.9504407646387
539.0,0.03882398064617273,0.0024521005269770766,0.8811854004894158,356.900377748495
540.0,0.03872102708334293,0.002447171213712458,0.8811135140744066,356.8480617187146
541.0,0.038617894293140276,0.002442290003927732,0.8810385269458164,356.79349516570494
542.0,0.03851458540616079,0.002437456496377522,0.8809604413778235,356.7366805099492
543.0,0.03841110355091702,0.0024326702923835233,0.880879259506401,356.6776201021345
544.0,0.03830745185368455,0.0024279309958266768,0.8807949833295449,356.61631622329026
545.0,0.03820363343834905,0.0024232382131392696,0.8807076147074938,356.5527710849277
546.0,0.038099651426253954,0.0024185915532969567,0.8806171553629515,356.486986829187
547.0,0.03799550893604866,0.0024139906278107122,0.8805236068813044,356.4189655289877
548.0,0.03789120908353746,0.002409435050718704,0.8804269707108405,356.34870918818604
549.0,0.0377867549815289,0.002404924438578102,0.8803272481629633,356.276219741735
550.0,0.037682149739685984,0.0024004584104568125,0.8802244404124054,356.2014990558516
551.0,0.03757739646437684,0.0023960365879251476,0.8801185484974418,356.1245489281879
552.0,0.0374724982585261,0.002391658595047426,0.8800095733200974,356.04537108800673
553.0,0.03736745822146697,0.002387324058373507,0.8798975156463574,355.96396719636346
554.0,0.03726227944879387,0.002383032606930265,0.8797823761063729,355.880338846292
555.0,0.03715696503221585,0.002378783872212997,0.8796641551946661,355.79448756299627
556.0,0.037051518059410614,0.002374577488176768,0.8795428532703349,355.706414804047
557.0,0.036945941613879256,0.0023704130912277016,0.8794184705572514,355.61612195958077
558.0,0.03684023877480174,0.0023662903202142063,0.8792910071442657,355.5236103525086
559.0,0.03673441261689301,0.002362208816418147,0.879160462985403,355.4288812387265
560.0,0.036628466210259884,0.002358168223545961,0.8790268379000594,355.33193580732984
561.0,0.03652240262025866,0.0023541681877197163,0.8788901315732,355.23277518083694
562.0,0.03641622490735341,0.0023502083574681214,0.8787503435555516,355.13140041541385
563.0,0.03630993612697511,0.0023462883837174747,0.8786074732637961,355.0278125011061
564.0,0.03620353932938145,0.0023424079197825734,0.8784615199807614,354.92201236207404
565.0,0.03609703755951741,0.0023385666213575637,0.8783124828556123,354.81400085683504
566.0,0.035990433856876655,0.002334764146506747,0.8781603609040386,354.703778778509
567.0,0.03588373125536364,0.0023310001556553386,0.878005153008444,354.59134685507064
568.0,0.03577693278315659,0.0023272743115801786,0.8778468579181308,354.4767057496045
569.0,0.035670041462571155,0.0023235862794004003,0.8776854742494865,354.35985606056767
570.0,0.03556306030992498,0.0023199357265680535,0.8775210004861688,354.2407983220565
571.0,0.03545599233540303,0.0023163223228586847,0.8773534349792858,354.11953300407674
572.0,0.03534884054292372,0.0023127457403618805,0.877182775947582,353.9960605128229
573.0,0.03524160793000592,0.0023092056534717645,0.8770090214776165,353.87038119095814
574.0,0.03513429748763673,0.0023057017388774617,0.8768321695239453,353.74249531790315
575.0,0.03502691220014016,0.0023022336755535193,0.8766522179092996,353.6124031101275
576.0,0.03491945504504661,0.0022988011447502973,0.8764691643247651,353.48010472144847
577.0,0.03481192899296321,0.0022954038299843184,0.8762830063299608,353.345600243334
578.0,0.03470433700744505,0.002292041417028587,0.8760937413532148,353.2088897052103
579.0,0.03459668204486727,0.002288713593902874,0.8759013666917421,353.0699730747765
580.0,0.03448896705429798,0.0022854200508639682,0.8757058795118209,352.92885025832345
581.0,0.034381194977372125,0.002282160480395901,0.8755072768489677,352.7855211010584
582.0,0.034273368748166215,0.0022789345772001365,0.8753055556081131,352.63998538743493
583.0,0.03416549129307395,0.0022757420381857366,0.8751007125637771,352.49224284148863
584.0,0.03405756553068274,0.002272582562459495,0.8748927443602424,352.3422931271776
585.0,0.03394959437165112,0.0022694558513160494,0.8746816475117315,352.19013584873016
586.0,0.033841580718587165,0.0022663616082279642,0.874467418402578,352.0357705509958
587.0,0.03373352746592768,0.0022632995388357897,0.8742500532874029,351.87919671980364
588.0,0.033625437499818465,0.0022602693509380985,0.8740295482912886,351.7204137823264
589.0,0.03351731369799544,0.0022572707544815007,0.873805899409953,351.5594211074489
590.0,0.03340915892966668,0.002254303461550635,0.8735791025099239,351.3962180061435
591.0,0.033300976055395476,0.002251367186358142,0.8733491533287135,351.2308037318506
592.0,0.033192767926984286,0.0022484616452346155,0.8731160474749948,351.0631774808661
593.0,0.03308453738735966,0.0022455865566185394,0.8728797804287757,350.89333839273354
594.0,0.03297628727045815,0.0022427416410462026,0.8726403475415754,350.72128555064285
595.0,0.03286802040111313,0.0022399266211416014,0.872397744036601,350.54701798183476
596.0,0.03275973959494265,0.0022371412216063247,0.8721519650089247,350.37053465801193
597.0,0.032651447658238256,0.002234385169209422,0.8719030054256615,350.1918344957557
598.0,0.03254314738785476,0.002231658192777266,0.8716508601261485,350.0109163569491
599.0,0.032434841571101006,0.0022289600231833926,0.8713955238221235,349.82777904920584
600.0,0.03232653298563167,0.002226290393338336,0.8711369910979067,349.64242132630625
601.0,0.03221822439934002,0.0022236490381794503,0.8708752564105816,349.4548418886387
602.0,0.03210991857025169,0.002221035694660722,0.8706103140901791,349.26503938364885
603.0,0.03200161824641943,0.002218450101742572,0.8703421583398604,349.07301240629323
604.0,0.03189332616581894,0.002215892000381654,0.8700707832361035,348.87875949950126
605.0,0.03178504505624566,0.002213361133520638,0.8697961827288909,348.6822791546434
606.0,0.03167677763521256,0.0022108572460779953,0.8695183506418965,348.4835698120046
607.0,0.03156852660984906,0.0022083800849377723,0.8692372806726782,348.2826298612669
608.0,0.03146029467680083,0.0022059293989393626,0.868952966392869,348.07945764199656
609.0,0.03135208452213077,0.002203504938867274,0.8686654012483717,347.87405144413935
610.0,0.03124389882122089,0.0022011064574408937,0.8683745785595545,347.6664095085221
611.0,0.03113574023867534,0.00219873370930425,0.86808049152145,347.4565300273615
612.0,0.031027611428224425,0.0021963864510157706,0.8677831332039563,347.24441114478066
613.0,0.030919515032629685,0.0021940644410380476,0.8674824965520389,347.0300509573308
614.0,0.03081145368359,0.0021917674397275923,0.8671785743859375,346.8134475145225
615.0,0.030703430001648775,0.0021894952093246016,0.8668713594013727,346.59459881936243
616.0,0.030595446596102194,0.002187247513942715,0.8665608441697582,346.37350282889815
617.0,0.030487506064908486,0.0021850241195587854,0.8662470211384142,346.15015745477103
618.0,0.030379610994598294,0.0021828247940026448,0.8659298826307841,345.9245605637748
619.0,0.03027176396018609,0.0021806493069468766,0.8656094208466532,345.6967099784227
620.0,0.03016396752508267,0.0021784974298965946,0.8652856278623745,345.46660347752385
621.0,0.03005622424100872,0.0021763689361792224,0.8649584956310925,345.23423879676363
622.0,0.02994853664790942,0.0021742636009342868,0.8646280159829746,344.9996136292956
623.0,0.029840907273870183,0.0021721812011032075,0.8642941806254443,344.76272562633847
624.0,0.02973333863503342,0.0021701215154191064,0.8639569811434183,344.52357239778297
625.0,0.029625833235516416,0.0021680843243966127,0.8636164089995492,344.28215151280574
626.0,0.02951839356733029,0.0021660694103216886,0.8632724555344692,344.03846050049134
627.0,0.029411022110299993,0.002164076557241455,0.8629251119670399,343.79249685046216
628.0,0.02930372133198547,0.002162105550954032,0.8625743693946079,343.54425801351834
629.0,0.029196493687603825,0.002160156178998392,0.8622202187932608,343.2937414022831
630.0,0.02908934161995265,0.0021582282306442198,0.8618626510180921,343.04094439185883
631.0,0.028982267559334397,0.0021563214968817863,0.8615016568034691,342.7858643204918
632.0,0.028875273923481846,0.0021544357704118386,0.8611372267633037,342.52849849024244
633.0,0.02876836311748472,0.0021525708456354973,0.8607693513913327,342.26884416766814
634.0,0.028661537533717314,0.0021507265186441736,0.8603980210614001,342.0068985845128
635.0,0.028554799551767263,0.0021489025872094957,0.860023226027745,341.7426589384047
636.0,0.028448151538365447,0.0021470988507732557,0.8596449564252969,341.47612239356465
637.0,0.0283415958473169,0.002145315110437368,0.8592632022699752,341.2072860815224
638.0,0.028235134819432926,0.002143551168953846,0.8588779534589952,340.9361471018422
639.0,0.02812877078246421,0.0021418068307147956,0.8584891997711792,340.66270252285716
640.0,0.02802250605103511,0.002140081901742424,0.8580969308672762,340.38694938241395
641.0,0.02791634292657901,0.002138376189679073,0.857701136290286,340.10888468862595
642.0,0.02781028369727482,0.0021366895037772593,0.8573018054657894,339.8285054206352
643.0,0.027704330637984484,0.002135021654889747,0.8568989277022879,339.54580852938574
644.0,0.027598486010191728,0.00213337245545963,0.8564924921915478,339.26079093840474
645.0,0.027492752061941732,0.0021317417195104403,0.8560824880089516,338.97344954459373
646.0,0.02738713102778214,0.00213012926263627,0.8556689041138599,338.68378121903106
647.0,0.027281625128704926,0.0021285349019919252,0.8552517293499751,338.3917828077808
648.0,0.02717623657208952,0.0021269584562830907,0.8548309524457195,338.0974511327165
649.0,0.02707096755164702,0.002125399745756522,0.8544065620146151,337.80078299234935
650.0,0.026965820247365442,0.0021238585921902614,0.853978546555676,337.5017751626713
651.0,0.026860796825456106,0.002122334818883873,0.8535468944538064,337.20042439800505
652.0,0.02675589943830116,0.0021208282506487027,0.8531115939802092,336.89672743186634
653.0,0.026651130224402172,0.002119338713798164,0.8526726332928006,336.59068097783495
654.0,0.026546491308329756,0.002117866036138047,0.8522300004366368,336.2822817304378
655.0,0.02644198480067446,0.0021164100469568494,0.8517836833443466,335.9715263660406
656.0,0.026337612797998587,0.0021149705770161387,0.8513336698365764,335.65841154375255
657.0,0.026233377382789184,0.002113547458540934,0.8508799476224412,335.3429339063385
658.0,0.026129280623412167,0.002112140525210117,0.8504225042999896,335.0250900811454
659.0,0.026025324574067463,0.0021107496121468717,0.8499613273566743,334.7048766810367
660.0,0.025921511274745276,0.0021093745559091445,0.8494964041698357,334.3822903053387
661.0,0.025817842751183498,0.0021080151944801373,0.8490277220071963,334.05732754079924
662.0,0.02571432101482609,0.0021066713672588276,0.8485552680273619,333.72998496255417
663.0,0.02561094806278269,0.0021053429150505124,0.8480790292803383,333.40025913510857
664.0,0.025507725877789232,0.0021040296800573875,0.8475989927080555,333.0681466133264
665.0,0.025404656428169616,0.002102731505869147,0.8471151451449054,332.73364394343304
666.0,0.02530174166779859,0.002101448237453621,0.8466274733182907,332.39674766402914
667.0,0.025198983536065554,0.002100179721147436,0.8461359638491832,332.05745430711414
668.0,0.025096383957839585,0.0020989258046467075,0.8456406032526973,331.7157603991235
669.0,0.024993944843435444,0.0020976863369977635,0.8451413779386745,331.3716624619766
670.0,0.024891668088580718,0.0020964611685878975,0.8446382742122792,331.02515701413563
671.0,0.02478955557438399,0.002095250151136153,0.8441312782746088,330.6762405716772
672.0,0.024687609167304128,0.002094053137684137,0.8436203762233156,330.3249096493752
673.0,0.0245858307191206,0.002092869982586869,0.8431055540532434,329.9711607617952
674.0,0.024484222066904877,0.002091700541503658,0.8425867976570756,329.61499042440187
675.0,0.024382785032992918,0.002090544671389013,0.8420640928259975,329.25639515467617
676.0,0.024281521424958645,0.0020894022304835855,0.841537425250375,328.8953714732479
677.0,0.02418043303558859,0.002088273078305146,0.8410067805204429,328.53191590503604
678.0,0.024079521642857503,0.002087157075639591,0.8404721441270122,328.16602498040544
679.0,0.02397878900990502,0.0020860540845319847,0.8399335014621891,327.79769523633263
680.0,0.023878236885013462,0.002084963968277633,0.8393908378201108,327.4269232175852
681.0,0.02377786700158658,0.002083886591413194,0.838844138397695,327.05370547791335
682.0,0.023677681078129405,0.002082821819707819,0.8382933882954059,326.6780385812531
683.0,0.02357768081822912,0.0020817695201543274,0.8377385725180364,326.29991910294285
684.0,0.023477867910536958,0.0020807295609604217,0.837179675975505,325.9193436309513
685.0,0.023378244028751174,0.0020797018115399283,0.8366166834836705,325.53630876711895
686.0,0.023278810831600986,0.002078686142504081,0.8360495797651618,325.15081112841057
687.0,0.02317956996283161,0.0020776824256528367,0.8354783494502264,324.76284734818177
688.0,0.023080523051190238,0.002076690533966223,0.8349029770775936,324.37241407745654
689.0,0.02298167171041314,0.002075710341595728,0.8343234470953587,323.9795079862192
690.0,0.022883017539213665,0.0020747417238557203,0.8337397438618805,323.58412576471653
691.0,0.022784562121271362,0.0020737845572149066,0.8331518516467009,323.186264124775
692.0,0.022686307025222015,0.002072838719287827,0.8325597546314808,322.78591980112884
693.0,0.02258825380464876,0.0020719040888263836,0.8319634369109542,322.3830895527616
694.0,0.022490403998074136,0.0020709805457114097,0.8313628824939021,321.9777701642595
695.0,0.022392759128953194,0.0020700679709442695,0.830758075304146,321.56995844717903
696.0,0.022295320705667553,0.002069166246638501,0.83014899918156,321.1596512414256
697.0,0.02219809022152043,0.0020682752560114916,0.8295356378831025,320.74684541664544
698.0,0.02210106915473274,0.0020673948833761927,0.8289179750838683,320.3315378736303
699.0,0.022004258968440063,0.002066525014132871,0.8282959943781624,319.91372554573445
700.0,0.021907661110690632,0.002065665534760898,0.827669679280592,319.4934054003053
701.0,0.02181127701444434,0.0020648163328105744,0.827039013227181,319.07057444012435
702.0,0.02171510809757264,0.0020639772968949963,0.8264039795765068,318.6452297048643
703.0,0.021619155762859416,0.002063148316681956,0.8257645616108557,318.21736827255495
704.0,0.021523421398002847,0.0020623292828858826,0.8251207425374029,317.78698726106416
705.0,0.021427906375618207,0.002061520087259819,0.824472505489414,317.35408382959076
706.0,0.02133261205324158,0.002060720622587437,0.8238198335274681,316.9186551801692
707.0,0.021237539773334556,0.002059930782675096,0.8231627096407055,316.48069855918766
708.0,0.021142690863289848,0.0020591504623439292,0.8225011167480966,316.04021125891813
709.0,0.021048066635437825,0.0020583795574219818,0.8218350376997352,315.5971906190582
710.0,0.020953668387053995,0.0020576179647363757,0.8211644552781566,315.1516340282864
711.0,0.020859497400367417,0.0020568655821055206,0.8204893521996777,314.703538925829
712.0,0.02076555494256998,0.002056122308331361,0.8198097111157634,314.25290280303875
713.0,0.020671842265826627,0.0020553880431916616,0.8191255146144164,313.7997232049863
714.0,0.020578360607286517,0.0020546626874323346,0.8184367452215925,313.3439977320631
715.0,0.02048511118909499,0.0020539461427598006,0.8177433854026426,312.8857240415971
716.0,0.02039209521840655,0.002053238311833396,0.8170454175637777,312.42489984947895
717.0,0.020299313887398626,0.002052539098257812,0.816342824053562,311.9615229318009
718.0,0.020206768373286277,0.002051848406575578,0.8156355871644319,311.4955911265074
719.0,0.020114459838337782,0.002051166142259583,0.8149236891342417,311.0271023350568
720.0,0.020022389429891048,0.002050492211705634,0.8142071121478358,310.5560545240944
721.0,0.01993055828037095,0.002049826522225058,0.8134858383386478,310.0824457271371
722.0,0.019838967507307466,0.00204916898203734,0.81275984979033,309.6062740462697
723.0,0.01974761821335473,0.0020485195002628003,0.8120291285384059,309.1275376538505
724.0,0.019656511486310903,0.002047877986915316,0.8112936565719567,308.64623479423057
725.0,0.01956564839913888,0.002047244352895075,0.8105534158353318,308.1623637854808
726.0,0.019475030009987827,0.0020466185099813753,0.8098083882298897,307.6759230211314
727.0,0.019384657362215597,0.002046000370825461,0.8090585556157703,307.18691097192226
728.0,0.019294531484411945,0.0020453898489434,0.8083038998136929,306.6953261875612
729.0,0.019204653390422523,0.002044786858708997,0.807544402606787,306.2011672984953
730.0,0.01911502407937376,0.0020441913153467525,0.8067800457424519,305.7044330176897
731.0,0.019025644535698473,0.002043603134924856,0.8060108109342475,305.2051221424178
732.0,0.01893651572916237,0.0020430222343482216,0.805236679863816,304.7032335560601
733.0,0.018847638614891256,0.0020424485313515627,0.8044576341828323,304.19876622991217
734.0,0.01875901413339911,0.0020418819444925056,0.8036736555149914,303.6917192250031
735.0,0.018670643210616837,0.002041322393144745,0.802884725458021,303.1820916939214
736.0,0.018582526757921956,0.0020407697974912345,0.8020908255857307,302.66988288264986
737.0,0.018494665672168863,0.0020402240785174232,0.8012919374500915,302.1550921324093
738.0,0.018407060835720045,0.002039685158004526,0.8004880425833493,301.6377188815108
739.0,0.01831971311647792,0.0020391529585228377,0.7996791225001699,301.1177626672145
740.0,0.018232623367917485,0.0020386274034250836,0.7988651586998187,300.5952231275972
741.0,0.018145792429119692,0.0020381084168398108,0.798046132668373,300.07010000342757
742.0,0.01805922112480557,0.002037595923664821,0.7972220258809684,299.54239314004724
743.0,0.017972910265371067,0.002037089849560639,0.79639281980408,299.0121024892599
744.0,0.01788686064692263,0.0020365901209440235,0.7955584958978373,298.4792281112265
745.0,0.017801073051313503,0.0020360966649815176,0.7947190356183735,297.9437701763661
746.0,0.017715548246180705,0.0020356094095830344,0.793874420420212,297.4057289672644
747.0,0.01763028698498277,0.002035128283395489,0.7930246317586847,296.86510488058525
748.0,0.01754529000703811,0.0020346532157964627,0.7921696510923889,296.32189842898936
749.0,0.01746055803756416,0.0020341841368879112,0.7913094598856796,295.7761102430579
750.0,0.017376091787717117,0.0020337209774899095,0.7904440396111962,295.2277410732195
751.0,0.017291891954632425,0.002033263669134438,0.7895733717524274,294.67679179168215
752.0,0.017207959221465896,0.0020328121440592053,0.7886974378063114,294.12326339436885
753.0,0.017124294257435484,0.002032366335201512,0.7878162192858742,293.56715700285645
754.0,0.017040897717863778,0.002031926176192152,0.7869296977229048,293.00847386631835
755.0,0.016957770244221064,0.002031491601349354,0.7860378546706663,292.4472153634683
756.0,0.016874912464169084,0.0020310625456727606,0.7851406717066478,291.8833830045082
757.0,0.016792324991605427,0.0020306389448374465,0.7842381304353504,291.3169784330764
758.0,0.016710008426708528,0.002030220735187978,0.7833302124911133,290.7480034281974
759.0,0.016627963355983308,0.0020298078537325038,0.78241689954098,290.1764599062343
760.0,0.016546190352307408,0.0020294002381368945,0.781498173287598,289.6023499228382
761.0,0.016464689974978085,0.002028997826718912,0.7805740154721624,289.0256756749014
762.0,0.016383462769759632,0.002028600558442421,0.7796444078773962,288.4464395025078
763.0,0.016302509268931464,0.00202820837291164,0.7787093323305689,287.86464389088303
764.0,0.01622182999133675,0.002027821210365426,0.777768770706556,287.2802914723429
765.0,0.01614142544243162,0.0020274390116716023,0.776822704930937,286.69338502824
766.0,0.016061296114335013,0.002027061718321322,0.7758711169831339,286.10392749090875
767.0,0.015981442485878995,0.0020266892724234674,0.7749139888995888,285.5119219456054
768.0,0.01590186502265971,0.002026321616699092,0.7739513027769814,284.9173716324463
769.0,0.01582256417708884,0.0020259586944758965,0.7729830407754874,284.3202799483415
770.0,0.015743540388445672,0.002025600449682742,0.7720091851220766,283.72065044892383
771.0,0.015664794082929596,0.0020252468268442043,0.7710297181138513,283.1184868504719
772.0,0.015586325673713252,0.0020248977710751637,0.7700446221214257,282.51379303182887
773.0,0.015508135560996138,0.0020245532280754293,0.7690538795923455,281.9065730363138
774.0,0.015430224132058737,0.0020242131441244064,0.768057473054548,281.29683107362547
775.0,0.015352591761317168,0.0020238774660757946,0.7670553851198638,280.68457152174045
776.0,0.015275238810378337,0.002023546141352329,0.7660475984875594,280.0697989288017
777.0,0.015198165628095586,0.002023219117940553,0.7650340959479186,279.4525180149974
778.0,0.015121372550624824,0.002022896344385631,0.7640148603858681,278.8327336744327
779.0,0.015044859901481154,0.002022577769786198,0.7629898747846419,278.21045097698936
780.0,0.014968627991595953,0.002022263343789243,0.7619591222294876,277.5856751701753
781.0,0.014892677119374436,0.00202195301658503,0.7609225859114138,276.95841168096285
782.0,0.01481700757075368,0.002021646738902059,0.7598802491309781,276.3286661176144
783.0,0.014741619619261096,0.002021344462002055,0.7588320953021169,275.69644427149547
784.0,0.01466651352607335,0.002021046137675003,0.7577781079560154,275.061752118874
785.0,0.014591689540075716,0.0020207517182342103,0.7567182707450195,274.4245958227059
786.0,0.014517147897921872,0.002020461156511409,0.7556525674465889,273.7849817344054
787.0,0.014442888824094113,0.002020174405851894,0.7545809819672886,273.14291639559843
788.0,0.014368912530964003,0.002019891420109696,0.7535034983468254,272.49840653986206
789.0,0.014295219218853383,0.0020196121536427882,0.7524201007621217,271.8514590944445
790.0,0.014221809076095859,0.0020193365613083315,0.7513307735314317,271.2020811819684
791.0,0.014148682279098618,0.0020190645984579526,0.7502355011184967,270.55028012211415
792.0,0.014075838992404678,0.002018796220933056,0.7491342681367434,269.8960634332858
793.0,0.014003279368755497,0.002018531385060176,0.7480270593535187,269.239438834254
794.0,0.013931003549153975,0.0020182700476463573,0.7469138596943685,268.5804142457803
795.0,0.013859011662927799,0.0020180121659745726,0.7457946542473529,267.9189977922176
796.0,0.013787303827793177,0.002017757697799177,0.7446694282674039,267.2551978030898
797.0,0.013715880149918916,0.002017506601341393,0.7435381671807205,266.58902281464566
798.0,0.013644740723990828,0.0020172588352848314,0.7424008565892047,265.92048157139095
799.0,0.013573885633276519,0.002017014358771047,0.7412574822749343,265.24958302759256
800.0,0.013503314949690454,0.0020167731313951256,0.7401080302046767,264.57633634875947
801.0,0.013433028733859412,0.002016535113201309,0.7389524865344396,263.90075091309427
802.0,0.013363027035188199,0.0020163002646786483,0.7377908376140605,263.2228363129193
803.0,0.013293309891925724,0.0020160685467566957,0.7366230699918337,262.5426023560724
804.0,0.013223877331231346,0.002015839920801225,0.7354491704191735,261.86005906727354
805.0,0.013154729369241535,0.002015614348609989,0.7342691258553176,261.175216689463
806.0,0.013085866011136819,0.0020153917924085095,0.7330829234720628,260.4880856851054
807.0,0.013017287251209018,0.0020151722148458963,0.7318905506585405,259.79867673746355
808.0,0.012948993072928763,0.002014955578990703,0.7306919950260269,259.10700075184036
809.0,0.012880983449013264,0.0020147418483268155,0.7294872444127865,258.4130688567835
810.0,0.012813258341494367,0.0020145309867493693,0.7282762868889535,257.71689240525916
811.0,0.012745817701786847,0.0020143229585607024,0.7270591107614456,257.01848297578726
812.0,0.012678661470756976,0.002014117728466338,0.725835704578912,256.3178523735426
813.0,0.012611789578791303,0.0020139152615710025,0.7246060571367152,255.61501263141668
814.0,0.0125452019458657,0.00201371552337467,0.723370157481944,254.90997601104192
815.0,0.01247889848161462,0.002013518479768644,0.7221279949184599,254.20275500377704
816.0,0.012412879085400582,0.0020133240970316665,0.7208795590119754,253.4933623316523
817.0,0.012347143646383882,0.002013132341826061,0.7196248395951609,252.7818109482729
818.0,0.012281692043592493,0.002012943181193904,0.7183638267727837,252.0681140396815
819.0,0.012216524145992202,0.0020127565825532323,0.7170965109268762,251.35228502517754
820.0,0.012151639812556896,0.0020125725136942744,0.715822882721931,250.63433755809223
821.0,0.012087038892339095,0.0020123909427757175,0.7145429331101273,249.91428552652064
822.0,0.01202272122454061,0.0020122118383210054,0.713256653336581,249.19214305400618
823.0,0.011958686638583427,0.002012035169214662,0.711964034944623,248.4679245001801
824.0,0.011894934954180734,0.0020118609046986505,0.7106650697811039,247.74164446135353
825.0,0.011831465981408116,0.0020116890143687593,0.7093597500017209,247.01331777106077
826.0,0.011768279520774907,0.002011519468171019,0.7080480680763706,246.2829595005539
827.0,0.011705375363295708,0.0020113522363981486,0.7067300167945247,245.55058495924794
828.0,0.011642753290562028,0.002011187289686031,0.7054055892706261,244.81620969511386
829.0,0.011580413074814071,0.0020110245990102205,0.7040747789495079,244.0798494950215
830.0,0.011518354479012657,0.0020108641356824746,0.7027375796118307,243.3415203850287
831.0,0.011456577256911278,0.0020107058713473205,0.7013939853795416,242.60123863061807
832.0,0.011395081153128246,0.002010549777978646,0.7000439907213474,241.85902073687836
833.0,0.011333865903218979,0.002010395827876321,0.6986875904582085,241.11488344863204
834.0,0.011272931233748385,0.0020102439936628496,0.6973247797688463,240.3688437505059
835.0,0.011212276862363344,0.002010094248280046,0.6959555541952662,239.62091886694589
836.0,0.011151902497865292,0.002009946564985742,0.6945799096482936,238.87112626217333
837.0,0.011091807840282871,0.0020098009173505236,0.6931978424131232,238.11948364008413
838.0,0.0110319925809447,0.0020096572792544917,0.6918093491548779,237.36600894408747
839.0,0.010972456402552178,0.0020095156248840537,0.6904144269241802,236.61072035688642
840.0,0.010913198979252397,0.002009375928728742,0.689013073162729,235.85363630019586
841.0,0.010854219976711078,0.002009238165578059,0.6876052857088862,235.0947754344009
842.0,0.010795519052185605,0.00200910231051835,0.6861910628032677,234.33415665815153
843.0,0.010737095854598085,0.0020089683389297058,0.6847704030943417,233.57179910789696
844.0,0.010678950024608455,0.002008836226482885,0.6833433056440252,232.807722157353
845.0,0.010621081194687642,0.0020087059491362726,0.6819097699332884,232.04194541690845
846.0,0.010563488989190748,0.0020085774831328585,0.6804697958677547,231.27448873296504
847.0,0.010506173024430267,0.0020084508049972444,0.6790233837833027,230.5053721872126
848.0,0.010449132908749317,0.0020083258915326776,0.6775705344516627,229.73461609583694
849.0,0.010392368242594903,0.0020082027198181107,0.6761112490860121,228.9622410086631
850.0,0.010335878618591175,0.0020080812672052866,0.6746455293465625,228.18826770822938
851.0,0.0102796636216127,0.0020079615113158507,0.6731733773461421,227.4127172087952
852.0,0.010223722828857746,0.0020078434300384866,0.6716947956557654,226.6356107552787
853.0,0.010168055809921523,0.00200772700152608,0.6702097873101963,225.8569698221278
854.0,0.01011266212686946,0.0020076122041929054,0.6687183558134969,225.0768161121203
855.0,0.010057541334310431,0.00200749901671184,0.667220505144561,224.295171555094
856.0,0.010002692979469971,0.0020073874180116017,0.6657162397626353,223.51205830660842
857.0,0.009948116602263465,0.002007277387274011,0.66420556461282,222.72749874653388
858.0,0.0098938117353693,0.00200716890393128,0.6626884851315513,221.9415154775707
859.0,0.009839777904301987,0.002007061947663323,0.6611650072520624,221.15413132369625
860.0,0.009786014627485217,0.002006956498395095,0.6596351374098219,220.3653693285414
861.0,0.009732521416324906,0.002006852536293951,0.6580988825479479,219.57525275369431
862.0,0.009679297775282146,0.0020067500417670307,0.6565562501225924,218.78380507693134
863.0,0.009626343201946119,0.002006648995458668,0.6550072481083012,217.99104999037698
864.0,0.00957365718710695,0.0020065493782478222,0.65345188500334,217.19701139858984
865.0,0.009521239214828463,0.002006451171245536,0.651890169834987,216.40171341657577
866.0,0.009469088762520901,0.0020063543557924117,0.6503221121647963,215.60518036772967
867.0,0.009417205301013535,0.0020062589134561175,0.6487477220938167,214.80743678170165
868.0,0.0093655882946272,0.0020061648260289106,0.6471670102677779,214.00850739219194
869.0,0.00931423720124674,0.0020060720755251866,0.6455799878822334,213.20841713467235
870.0,0.009263151472393361,0.0020059806441790513,0.6439866666876589,212.40719114403308
871.0,0.009212330553296889,0.0020058905144419137,0.6423870589945094,211.60485475215893
872.0,0.009161773882967898,0.0020058016689801037,0.6407811776782251,210.80143348542987
873.0,0.00911148089426977,0.0020057140906725103,0.6391690361841893,209.99695306215017
874.0,0.009061451013990597,0.0020056277626082425,0.6375506485326353,209.19143938990436
875.0,0.009011683662915009,0.0020055426680843126,0.6359260293234987,208.38491856284048
876.0,0.008962178255895839,0.0020054587906033405,0.6342951937412127,207.57741685888095
877.0,0.008912934201925684,0.0020053761138712806,0.6326581575594463,206.76896073686135
878.0,0.008863950904208327,0.0020052946217951687,0.631014937145781,205.9595768335974
879.0,0.008815227760230021,0.0020052142984808927,0.6293655494663252,205.14929196088076
880.0,0.008766764161830636,0.0020051351282309826,0.627710012090261,204.33813310240274
881.0,0.008718559495274648,0.0020050570955424227,0.6260483431943271,203.52612741060886
882.0,0.008670613141322009,0.002004980185104482,0.6243805615672282,202.7133022034823
883.0,0.008622924475298808,0.00200490438179657,0.6227066866139737,201.89968496125758
884.0,0.008575492867167831,0.002004829670686109,0.6210267383601411,201.0853033230658
885.0,0.008528317681598934,0.0020047560370264296,0.6193407374560626,200.27018508351094
886.0,0.008481398278039221,0.002004683466254684,0.6176487051809317,199.45435818917863
887.0,0.008434734010783113,0.0020046119439897808,0.6159506634468289,198.63785073507756
888.0,0.00838832422904218,0.002004541456030342,0.61424663480266,197.82069096101407
889.0,0.008342168277014828,0.0020044719883526743,0.6125366424380122,197.00290724790244
890.0,0.008296265493955797,0.0020044035271087664,0.6108207101869169,196.18452811400877
891.0,0.008250615214245461,0.0020043360586242997,0.6090988625315227,195.365582211132
892.0,0.008205216767458952,0.002004269569396685,0.6073711246056734,194.54609832072111
893.0,0.008160069478435075,0.002004204046093113,0.6056375221983914,193.72610534993154
894.0,0.00811517266734503,0.0020041394755486255,0.6038980817572579,192.90563232761843
895.0,0.008070525649760931,0.0020040758447642075,0.6021528303916961,192.08470840027195
896.0,0.008026127736724124,0.0020040131409048943,0.6004017958761484,191.26336282789254
897.0,0.007981978234813274,0.0020039513512979034,0.5986450066531457,190.4416249798081
898.0,0.007938076446212264,0.0020038904634307768,0.5968824918362708,189.61952433043558
899.0,0.007894421668777865,0.0020038304649495488,0.5951142812130084,188.79709045498595
900.0,0.007851013196107173,0.0020037713436569272,0.5933404052474814,187.9743530251159
901.0,0.007807850317604845,0.002003713087510497,0.5915608950830722,187.15134180452597
902.0,0.007764932318550087,0.002003655684620937,0.5897757825449242,186.32808664450795
903.0,0.007722258480163426,0.002003599123250259,0.5879851001423227,185.5046174794413
904.0,0.00767982807967322,0.0020035433918100605,0.5861888810709517,184.6809643222411
905.0,0.0076376403903819735,0.0020034884788598,0.5843871592150258,183.85715725975948
906.0,0.007595694681732363,0.002003434373105082,0.5825799691492931,183.03322644814
907.0,0.007553990219373056,0.002003381063395969,0.5807673461409074,182.20920210812903
908.0,0.007512526265224261,0.002003328538725301,0.5789493261511687,181.3851145203443
909.0,0.00747130207754303,0.0020032767882270388,0.5771259458371255,180.5609940205017
910.0,0.007430316910988311,0.002003225801174623,0.5752972425530427,179.7368709946038
911.0,0.007389570016685739,0.0020031755669793453,0.5734632543517274,178.91277587409039
912.0,0.007349060642292168,0.002003126075188741,0.571624019985713,178.08873913095283
913.0,0.007308788032059942,0.0020030773154849973,0.5697795789082998,177.26479127281547
914.0,0.007268751426900892,0.002003029277683376,0.567929971274447,176.4409628379833
915.0,0.007228950064450073,0.0020029819517306544,0.5660752379415175,175.61728439046036
916.0,0.007189383179129225,0.002002935327703579,0.5642154204698708,174.7937865149393
917.0,0.007150050002209958,0.00200288939580734,0.5623505611233033,173.97049981176434
918.0,0.0071109497618766565,0.002002844146374057,0.5604807028693324,173.14745489186956
919.0,0.007072081683289119,0.002002799569861284,0.5586058893793239,172.32468237169454
920.0,0.007033444988644889,0.0020027556568505264,0.5567261650284606,171.5022128680796
921.0,0.006995038897241326,0.002002712398045775,0.554841574895548,170.68007699314182
922.0,0.00695686262553737,0.002002669784272057,0.5529521647626575,169.8583053491352
923.0,0.006918915387215023,0.002002627806473998,0.5510579811146058,169.0369285232961
924.0,0.006881196393240548,0.0020025864557144052,0.549159071138264,168.21597708267583
925.0,0.0068437048519253444,0.002002545723172856,0.5472554827217009,167.39548156896396
926.0,0.006806439968986553,0.0020025056001443126,0.545347264453153,166.5754724933023
927.0,0.006769400947607349,0.0020024660780377413,0.5434344656198254,165.75598033109475
928.0,0.006732586988496936,0.0020024271483747537,0.5415171362065151,164.93703551681145
929.0,0.006695997289950221,0.0020023888027882564,0.5395953268940602,164.1186684387928
930.0,0.006659631047907215,0.002002351033021119,0.537669089057612,163.3009094340536
931.0,0.006623487456012084,0.002002313830924856,0.5357384747647284,162.48378878309057
932.0,0.006587565705671923,0.002002277188458318,0.5338035367732864,161.6673367046948
933.0,0.006551864986115195,0.0020022410976864038,0.5318643285292128,160.85158335077142
934.0,0.006516384484449863,0.0020022055507787797,0.529920904164033,160.03655880116963
935.0,0.006481123385721208,0.0020021705400086187,0.5279733184922342,159.22229305852426
936.0,0.006446080872969317,0.0020021360577513465,0.5260216270084446,158.4088160431121
937.0,0.006411256127286265,0.002002102096483406,0.5240658858844243,157.59615758772424
938.0,0.006376648327872954,0.0020020686487810333,0.5221061519658698,156.78434743255764
939.0,0.0063422566520956545,0.0020020357073190463,0.5201424827690299,155.97341522012823
940.0,0.0063080802755421895,0.0020020032648696475,0.5181749364771294,155.16339049020633
941.0,0.00627411837207781,0.002001971314301238,0.5162035719366063,154.35430267477926
942.0,0.006240370113900746,0.002001939848577247,0.5142284486531545,153.546181093041
943.0,0.006206834671597398,0.0020019088607549696,0.5122496267875759,152.73905494641258
944.0,0.006173511214197225,0.0020018783439844237,0.5102671671514386,151.9329533135945
945.0,0.006140398909227286,0.0020018482915072125,0.5082811312025435,151.12790514565484
946.0,0.0061074969227664444,0.0020018186966554033,0.5062915810401957,150.32393926115373
947.0,0.0060748044194992275,0.0020017895528504173,0.5042985794002824,149.5210843413074
948.0,0.0060423205627693636,0.0020017608536019335,0.502302189650156,148.71936892519352
949.0,0.006010044514632967,0.0020017325925068,0.5003024757833221,147.91882140500041
950.0,0.005977975435911384,0.0020017047632479626,0.4982995024139337,147.11947002132237
951.0,0.005946112486243695,0.002001677359593402,0.4962933347710892,146.32134285850222
952.0,0.005914454824138876,0.0020016503753950816,0.494284038692936,145.52446784002493
953.0,0.005883001607027601,0.002001623804587912,0.4922716806205785,144.72887272396264
954.0,0.0058517519913137235,0.0020015976411887214,0.4902563275917925,143.93458509847474
955.0,0.00582070513242538,0.002001571879295238,0.48823804723454445,143.14163237736395
956.0,0.005789860184865768,0.0020015465130850895,0.48621690776031573,142.35004179569037
957.0,0.005759216302263557,0.0020015215368148057,0.4841929779572353,141.5598404054468
958.0,0.005728772637422964,0.0020014969448188375,0.4821663271830173,140.77105507129556
959.0,0.0056985283423734625,0.002001472731508584,0.48013702535770747,139.98371246637
960.0,0.005668482568419146,0.0020014488913714336,0.4781051429562367,139.1978390681416
961.0,0.005638634466187736,0.0020014254189698122,0.47607075100078483,138.41346115435567
962.0,0.005608983185679241,0.0020014023089402443,0.47403392105295367,137.6306047990361
963.0,0.0055795278763142424,0.0020013795559924237,0.4719947252057508,136.84929586856177
964.0,0.005550267686981849,0.0020013571549082954,0.4699532360753867,136.0695600178164
965.0,0.005521201766087269,0.002001335100541147,0.4679095267928834,135.29142268641266
966.0,0.005492329261599041,0.0020013133878147103,0.46586367099549947,134.51490909499316
967.0,0.005463649321095906,0.0020012920117222755,0.4638157428179698,133.7400442416091
968.0,0.005435161091813308,0.00200127096732581,0.4617658168835639,132.96685289817867
969.0,0.005406863720689546,0.0020012502497550933,0.4597139682949621,132.19535960702612
970.0,0.005378756354411561,0.002001229854206858,0.45766027262495357,131.42558867750319
971.0,0.005350838139460365,0.0020012097759439405,0.45560480590695673,130.65756418269444
972.0,0.005323108222156101,0.0020011900102944445,0.4535476446253633,129.89130995620727
973.0,0.005295565748702754,0.00200117055265091,0.45148886570571006,129.1268495890484
974.0,0.0052682098652324875,0.002001151398469494,0.44942854650467834,128.36420642658743
975.0,0.005241039717849623,0.0020011325432691615,0.44736676479992404,127.60340356560921
976.0,0.00521405445267426,0.002001113982630883,0.4453035987797415,126.84446385145549
977.0,0.005187253215885521,0.0020010957121968428,0.44323912703256174,126.08740987525724
978.0,0.005160635153764442,0.002001077727669658,0.4411734285362886,125.3322639712583
979.0,0.005134199412736507,0.0020010600248116027,0.4391065826474763,124.57904821423169
980.0,0.005107945139413796,0.0020010425994438446,0.4370386690903488,123.82778441698866
981.0,0.0050818714806367855,0.002001025447445688,0.43496976794566505,123.07849412798186
982.0,0.005055977583515789,0.0020010085647538278,0.43289995963943395,122.33119862900307
983.0,0.005030262595472013,0.0020009919473616103,0.4308293249314787,121.58591893297576
984.0,0.005004725664278268,0.0020009755913183032,0.4287579449038581,120.8426757818439
985.0,0.004979365938099304,0.0020009594927283742,0.42668590094914405,120.10148964455655
986.0,0.004954182565531788,0.002000943647750778,0.4246132747585595,119.36238071514894
987.0,0.004929174695643908,0.0020009280525982525,0.4225401483099819,118.62536891092091
988.0,0.004904341478014623,0.002000912703536619,0.42046660385581325,117.89047387071211
989.0,0.004879682062772546,0.0020008975968840983,0.41839272391072135,117.15771495327493
990.0,0.004855195600634447,0.0020008827290106273,0.4163185912392547,116.42711123574448
991.0,0.004830881242943428,0.002000868096337188,0.4142442888433376,115.69868151220695
992.0,0.004806738141706686,0.0020008536953351422,0.41216989994964404,114.97244429236451
993.0,0.00478276544963296,0.0020008395225255757,0.4100955079968606,114.24841780029905
994.0,0.004758962320169575,0.0020008255744786486,0.4080211966228356,113.526619973332
995.0,0.004735327907539152,0.0020008118478129556,0.40594704965162337,112.80706846098215
996.0,0.0047118613667759355,0.0020007983391948903,0.40387315108042626,112.08978062402042
997.0,0.004688561853761769,0.0020007850453380212,0.4017995850664362,111.37477353362057
998.0,0.004665428525261707,0.0020007719630024717,0.39972643591358425,110.662063970607
999.0,0.0046424605389592585,0.002000759088994309,0.39765378805919765,109.95166842479745
1000.0,0.004619657053491279,0.0020007464201649405,0.39558172606057274,109.24360309444145
1001.0,0.004597017228482494,0.002000733953410516,0.39351033458146556,108.53788388575329
1002.0,0.004574540224579666,0.0020007216856713396,0.391439698378505,107.8345264125386
1003.0,0.004552225203485396,0.002000709613931286,0.3893699022875336,107.13354599591456
1004.0,0.00453007132799158,0.002000697735217224,0.3873010312098807,106.43495766412259
1005.0,0.004508077762012484,0.0020006860465984497,0.3852331700985703,105.73877615243215
1006.0,0.004486243670617481,0.0020006745451861237,0.38316640394447193,105.0450159031359
1007.0,0.004464568220063421,0.002000663228132715,0.38110081776239574,104.35369106563418
1008.0,0.004443050577826645,0.0020006520926314536,0.37903649657713884,103.66481549660861
1009.0,0.004421689912634641,0.0020006411359157887,0.3769735254094854,102.97840276028279
1010.0,0.004400485394497352,0.0020006303552588525,0.3749119892621691,102.29446612877047
1011.0,0.00437943619473812,0.002000619747972932,0.372851973105798,101.61301858250826
1012.0,0.0043585414860242795,0.002000609311408948,0.37079356186474993,100.93407281077303
1013.0,0.004337800442397396,0.002000599042955935,0.368736840403043,100.25764121228202
1014.0,0.00431721223930316,0.0020005889400405356,0.36668189351018465,99.58373589587458
1015.0,0.004296776053620912,0.0020005790001264958,0.3646288058870054,98.91236868127407
1016.0,0.004276491063692838,0.002000569220714165,0.362577662131483,98.24355109992885
1017.0,0.004256356449352797,0.002000559599340009,0.36052854672455914,97.57729439593007
1018.0,0.004236371391954813,0.0020005501335761205,0.3584815440159579,96.91360952700607
1019.0,0.004216535074401202,0.0020005408210297428,0.35643673821000615,96.25250716559032
1020.0,0.004196846681170371,0.002000531659342794,0.354394213351466,95.59399769996263
1021.0,0.004177305398344258,0.0020005226461914023,0.35235405331137987,94.9380912354614
1022.0,0.0041579104136354305,0.0020005137792854393,0.350316341772937,94.28479759576541
1023.0,0.004138660916413838,0.0020005050563680687,0.34828116221736277,93.6341263242431
1024.0,0.004119556097733221,0.0020004964752152925,0.3462485979098395,92.9860866853685
1025.0,0.004100595150357185,0.0020004880336355075,0.34421873188546137,92.34068766620126
1026.0,0.004081777268784924,0.0020004797294690653,0.34219164693522963,91.69793797792934
1027.0,0.004063101649276599,0.002000471560587838,0.34016742559209157,91.05784605747233
1028.0,0.0040445674898784,0.0020004635248947896,0.3381461501170322,90.42042006914461
1029.0,0.0040261739904472425,0.002000455620323553,0.3361279024852174,89.78566790637457
1030.0,0.004007920352675151,0.002000447844838011,0.33411276437220083,89.1535971934804
1031.0,0.003989805780113286,0.0020004401964318855,0.3321008171401923,88.52421528749828
1032.0,0.0039718294781956555,0.002000432673128327,0.33009214182439944,87.89752928006334
1033.0,0.003953990654262476,0.002000425272979514,0.3280868191194411,87.2735459993392
1034.0,0.003936288517583217,0.002000417994066255,0.3260849293658436,86.6522720119966
1035.0,0.003918722279379308,0.002000410834497595,0.3240865525366199,86.0337136252372
1036.0,0.0039012911528465066,0.0020004037924104294,0.3220917682239369,85.41787688886113
1037.0,0.0038839943531769573,0.002000396865969119,0.3201006556258813,84.80476759737812
1038.0,0.00386683109758091,0.0020003900533651156,0.3181132935333197,84.19439129215708
1039.0,0.0038498006053081166,0.0020003833528165847,0.31612976031686524,83.58675326361526
1040.0,0.0038329020976689008,0.002000376762568039,0.3141501339139523,82.98185855344335
1041.0,0.0038161347980549126,0.0020003702808899767,0.31217449181602275,82.37971195686491
1042.0,0.003799497931959552,0.002000363906078517,0.31020291105583153,81.78031802492875
1043.0,0.003782990726998077,0.0020003576364550513,0.3082354681948727,81.1836810668317
1044.0,0.0037666124129273953,0.0020003514703658895,0.30627223931093256,80.5898051522703
1045.0,0.0037503622216655324,0.002000345406181914,0.30431329998577394,79.99869411381951
1046.0,0.0037342393873107884,0.0020003394422982413,0.30235872529295416,79.41035154933613
1047.0,0.00371824314616058,0.0020003335771338823,0.30040858978578383,78.82478082438581
1048.0,0.0037023727367299676,0.0020003278091314113,0.2984629674854279,78.24198507469126
1049.0,0.0036866273997698696,0.002000322136756637,0.29652193186915454,77.6619672085998
1050.0,0.003671006378284976,0.0020003165584982783,0.29458555585873664,77.08472990956939
1051.0,0.0036555089175513357,0.002000311072867644,0.2926539118090064,76.51027563866957
1052.0,0.003640134265133658,0.002000305678398319,0.2907270714965715,75.93860663709754
1053.0,0.0036248816709022885,0.0020003003736458478,0.2888051061086933,75.36972492870638
1054.0,0.003609750387049898,0.0020002951571874332,0.28688808623233114,74.8036323225439
1055.0,0.003594739668107855,0.002000290027621627,0.2849760818433589,74.24033041540108
1056.0,0.003579848770962309,0.0020002849835680315,0.2830691622959535,73.67982059436756
1057.0,0.0035650769548699664,0.0020002800236670055,0.2811673963121619,73.12210403939316
1058.0,0.003550423481473569,0.0020002751465793703,0.27927085197164736,72.56718172585359
1059.0,0.003535887614817086,0.002000270350986121,0.2773795967016219,72.01505442711917
1060.0,0.0035214686213605956,0.0020002656355881426,0.2754936972669627,71.46572271712417
1061.0,0.00350716576999489,0.0020002609991059297,0.2736132197605213,70.91918697293647
1062.0,0.003492978332055777,0.002000256440279307,0.2717382295936239,70.37544737732509
1063.0,0.003478905581338098,0.002000251957867159,0.26986879148676846,69.83450392132461
1064.0,0.003464946794109457,0.0020002475506471556,0.26800496946051977,69.29635640679513
1065.0,0.0034511012491236634,0.0020002432174154893,0.26614682682660623,68.76100444897621
1066.0,0.0034373682276338862,0.0020002389569866103,0.2642944261792196,68.2284474790337
1067.0,0.0034237470134055375,0.002000234768192967,0.26244782938652245,67.69868474659822
1068.0,0.0034102368927288545,0.0020002306498847506,0.26060709758236156,67.17171532229347
1069.0,0.0033968371544312232,0.0020002266009296406,0.258772291158195,66.64753810025435
1070.0,0.0033835470898892096,0.002000222620212557,0.25694346975522925,66.12615180063236
1071.0,0.0033703659930403237,0.002000218706635413,0.2551206922567736,65.60755497208844
1072.0,0.0033572931603945005,0.002000214859116873,0.253304016780809,65.09174599427116
1073.0,0.003344327891045318,0.0020002110765921103,0.25149350067277726,64.57872308028
1074.0,0.003331469486680937,0.002000207358012575,0.24968920049858892,64.06848427911214
1075.0,0.003318717251594775,0.0020002037023457556,0.24789117203785418,63.561027478092456
1076.0,0.0033060704926959118,0.002000200108574952,0.24609947027733578,63.05635040528509
1077.0,0.00329352851951923,0.002000196575699047,0.2443141494046273,62.55445063188646
1078.0,0.0032810906442352935,0.002000193102732282,0.2425352628020567,62.05532557459833
1079.0,0.0032687561816599556,0.0020001896887040346,0.24076286304081648,61.558972497980434
1080.0,0.003256524449263721,0.002000186332658604,0.23899700187532236,61.06538851678204
1081.0,0.0032443947671808356,0.0020001830336549907,0.23723773023780012,60.57457059825144
1082.0,0.0032323664582181288,0.0020001797907666864,0.23548509823310274,60.08651556442319
1083.0,0.0032204388478635957,0.002000176603081466,0.23373915513375565,59.601220094381574
1084.0,0.003208611264294728,0.0020001734697011764,0.23199994937523594,59.11868072650137
1085.0,0.0031968830383865953,0.0020001703897415363,0.2302675285514795,58.638893860663366
1086.0,0.0031852535037196735,0.002000167362331933,0.22854193941062184,58.16185576044594
1087.0,0.003173721996587428,0.002000164386615224,0.22682322785096962,57.68756255529108
1088.0,0.003162287856003651,0.00200016146174754,0.22511143891720448,57.216010242645126
1089.0,0.003150950423709553,0.002000158586898095,0.22340661679681784,56.74719469007331
1090.0,0.0031397090441806176,0.002000155761248991,0.22170880481677935,56.28111163734864
1091.0,0.003128563064633204,0.0020001529839950324,0.22001804544043424,55.81775669851353
1092.0,0.0031175118350309254,0.0020001502543435415,0.21833438026463356,55.35712536391521
1093.0,0.003106554708090785,0.0020001475715141722,0.21665785001709595,54.89921300221437
1094.0,0.0030956910392890683,0.002000144934738732,0.21498849455399674,54.44401486236583
1095.0,0.003084920186867022,0.002000142343261002,0.21332635285779053,53.99152607557308
1096.0,0.00307424151183628,0.0020001397963365637,0.2116714630352588,53.5417416572143
1097.0,0.0030636543779840797,0.0020001372932326226,0.2100238623157893,53.09465650874209
1098.0,0.0030531581518782325,0.0020001348332278402,0.20838358704987864,52.65026541955452
1099.0,0.003042752202871888,0.0020001324156121627,0.2067506727078655,52.20856306884001
1100.0,0.0030324359031080566,0.002000130039686657,0.20512515387888466,51.76954402739358
1101.0,0.0030222086275239245,0.002000127704763344,0.20350706427004764,51.33320275940653
1102.0,0.0030120697538549386,0.0020001254101650406,0.2018964367058442,50.89953362422833
1103.0,0.0030020186626386787,0.0020001231552251955,0.20029330312776597,50.46853087810158
1104.0,0.0029920547372185146,0.0020001209392877368,0.19869769459414888,50.04018867586978
1105.0,0.0029821773637470424,0.002000118761706912,0.19710964128023437,49.61450107265837
1106.0,0.0029723859311893163,0.002000116621847138,0.19552917247844603,49.191462025528864
1107.0,0.002962679831325864,0.0020001145190828504,0.1939563165988816,48.771065395106675
1108.0,0.002953058458755496,0.002000112452798352,0.1923911011700175,48.35330494718269
1109.0,0.002943521210897908,0.0020001104223876676,0.19083355283962414,47.938174354288854
1110.0,0.002934067487996076,0.0020001084272544003,0.1892836973758899,47.52566719724799
1111.0,0.0029246966931184533,0.002000106466811587,0.18774155966875247,47.11577696669841
1112.0,0.002915408232160959,0.002000104540481558,0.18620716373143417,46.708497064593324
1113.0,0.002906201513848774,0.002000102647695798,0.18468053270218035,46.30382080567564
1114.0,0.0028970759497379353,0.0020001007878948113,0.18316168884619716,45.901741418928275
1115.0,0.0028880309542167375,0.0020000989605279836,0.18165065355778817,45.50225204900073
1116.0,0.002879065944506936,0.0020000971650534502,0.18014744736268531,45.10534575761185
1117.0,0.002870180340664764,0.002000095400937966,0.1786520899205734,44.71101552492951
1118.0,0.0028613735655817554,0.0020000936676567737,0.1771646000278046,44.31925425092752
1119.0,0.002852645044985381,0.0020000919646934795,0.17568499562030065,43.93005475672017
1120.0,0.0028439942074394956,0.0020000902915399232,0.1742132937766406,43.543409785875035
1121.0,0.002835420484344608,0.0020000886476960575,0.17274951072133055,43.15931200570419
1122.0,0.002826923309937959,0.0020000870326698245,0.17129366182825237,42.777754008534416
1123.0,0.002818502121293423,0.002000085445977035,0.16984576162429052,42.39872831295714
1124.0,0.002810156358321234,0.002000083887141249,0.1684058237931316,42.022227365058164
1125.0,0.0028018854637675275,0.00200008235569366,0.16697386117923527,41.64824353962787
1126.0,0.0027936888832137104,0.002000080851172979,0.16554988579197266,41.27676914135233
1127.0,0.00278556606507566,0.002000079373125319,0.16413390880993084,40.9077964059861
1128.0,0.002777516460602748,0.0020000779211040848,0.16272594058537831,40.54131750150673
1129.0,0.0027695395238766947,0.0020000764946698614,0.1613259906488891,40.1773245292517
1130.0,0.002761634711810256,0.0020000750933903055,0.15993406771412308,39.81580952503836
1131.0,0.002753801484145746,0.002000073716840036,0.15855017968275947,39.456764460267586
1132.0,0.0027460393034533922,0.0020000723646005298,0.15717433364957803,39.10018124301085
1133.0,0.0027383476351295305,0.0020000710362600175,0.15580653590768762,38.74605171908217
1134.0,0.0027307259473946383,0.002000069731413379,0.15444679195389757,38.39436767309495
1135.0,0.002723173711291209,0.0020000684496620414,0.15309510649422844,38.04512082950421
1136.0,0.002715690400681466,0.002000067190613882,0.15175148344955816,37.69830285363455
1137.0,0.002708275492244934,0.0020000659538831254,0.15041592596140416,37.35390535269542
1138.0,0.0027009284654758354,0.0020000647390902506,0.14908843639783062,37.01191987678197
1139.0,0.002693648802680357,0.002000063545861891,0.14776901635948705,36.67233791986481
1140.0,0.00268643598897375,0.0020000623738307428,0.14645766668576576,36.33515092076659
1141.0,0.0026792895122772944,0.00200006122263547,0.1451543874610816,36.000350264127576
1142.0,0.0026722088633151057,0.002000060091920614,0.14385917802126638,35.66792728135983
1143.0,0.002665193535610806,0.0020000589813365024,0.14257203696007692,35.337873251590814
1144.0,0.0026582430254840474,0.002000057890539159,0.14129296213581272,35.01017940259689
1145.0,0.0026513568320468955,0.002000056819190218,0.1400219506780384,34.68483691172676
1146.0,0.0026445344572000734,0.0020000557669568354,0.13875899899441063,34.361836906815945
1147.0,0.0026377754056290705,0.0020000547335116046,0.13750410277760336,34.04117046709231
1148.0,0.0026310791848001094,0.002000053718532472,0.1362572570123282,33.722828624072754
1149.0,0.0026244453049559828,0.0020000527217026542,0.13501845598244838,33.406802362452346
1150.0,0.0026178732791117608,0.0020000517427105555,0.13378769327818185,33.093082620985676
1151.0,0.0026113626230503603,0.0020000507812496893,0.13256496180338875,32.78166029336068
1152.0,0.0026049128553179927,0.002000049837018596,0.13135025378294324,32.472526229066204
1153.0,0.002598523497219475,0.002000048909720768,0.13014356077018147,32.16567123425224
1154.0,0.0025921940728134297,0.0020000479990645694,0.12894487365442867,31.86108607258501
1155.0,0.0025859241089073426,0.002000047104763162,0.12775418266859512,31.558761466095433
1156.0,0.0025797131350525147,0.002000046226534431,0.12657147739684332,31.258688096022677
1157.0,0.0025735606835388847,0.00200004536410091,0.12539674678232005,30.960856603652484
1158.0,0.0025674662893897327,0.0020000445171897067,0.12422997913495079,30.665257591150674
1159.0,0.002561429490356271,0.0020000436855324363,0.12307116213929292,30.37188162239211
1160.0,0.0025554498269121156,0.0020000428688651465,0.1219202828624457,30.080719223785717
1161.0,0.0025495268422476456,0.00200004206692825,0.12077732776201183,29.79176088509536
1162.0,0.0025436600822642485,0.002000041279466454,0.11964228269410938,29.50499706025729
1163.0,0.002537849095568459,0.002000040506228697,0.1185151329214294,29.2204181681941
1164.0,0.002532093433465981,0.0020000397469680767,0.11739586312133655,28.93801459362555
1165.0,0.0025263926499556116,0.0020000390014417897,0.11628445739401054,28.657776687876652
1166.0,0.0025207463017230536,0.0020000382694110633,0.11518089927062408,28.379694769683063
1167.0,0.0025151539481346233,0.0020000375506410944,0.11408517172155408,28.10375912599379
1168.0,0.002509615151230858,0.0020000368449009844,0.11299725716462485,27.82996001277198
1169.0,0.0025041294757200227,0.0020000361519636805,0.1119171374733783,27.558287655793414
1170.0,0.0024986964889715164,0.002000035471605912,0.11084479398536988,27.288732251443285
1171.0,0.0024933157610091796,0.002000034803608133,0.10978020751048564,27.021283967511067
1172.0,0.0024879868645045064,0.0020000341477544614,0.10872335833927889,26.755932943983908
1173.0,0.0024827093747697643,0.0020000335038326215,0.10767422625132358,26.49266929383869
1174.0,0.0024774828697510156,0.0020000328716338876,0.10663279052357993,26.23148310383251
1175.0,0.002472306930021051,0.0020000322509530263,0.10559902993877204,25.972364435292217
1176.0,0.0024671811387722343,0.0020000316415882415,0.10457292279377317,25.715303324902877
1177.0,0.0024621050818092512,0.00200003104334112,0.10355444690799515,25.460289785494922
1178.0,0.0024570783475417815,0.0020000304560165777,0.10254357963178215,25.20731380683079
1179.0,0.0024521005269770766,0.0020000298794228054,0.10154029785480347,24.95636535639055
1180.0,0.002447171213712458,0.002000029313371218,0.1005445780144438,24.707434380156727
1181.0,0.002442290003927732,0.0020000287576764013,0.09955639610418886,24.4605108033985
1182.0,0.002437456496377522,0.0020000282121560636,0.09857572768200284,24.215584531455125
1183.0,0.0024326702923835233,0.002000027676630984,0.09760254787869653,23.972645450518836
1184.0,0.0024279309958266768,0.0020000271509249628,0.09663683140628267,23.731683428417064
1185.0,0.0024232382131392696,0.002000026634864775,0.09567855256631637,23.492688315393977
1186.0,0.0024185915532969567,0.002000026128280121,0.0947276852582192,23.255649944891633
1187.0,0.0024139906278107122,0.0020000256310035796,0.09378420298758332,23.020558134330333
1188.0,0.002409435050718704,0.0020000251428705625,0.09284807887445404,22.787402685888406
1189.0,0.002404924438578102,0.0020000246637192688,0.09191928566158926,22.55617338728142
1190.0,0.0024004584104568125,0.002000024193390639,0.09099779572269275,22.326860012540717
1191.0,0.0023960365879251476,0.0020000237317283113,0.09008358107061963,22.099452322791254
1192.0,0.002391658595047426,0.002000023278578579,0.08917661336555145,21.873940067028556
1193.0,0.002387324058373507,0.002000022833790346,0.08827686392314034,21.650312982895162
1194.0,0.002383032606930265,0.002000022397215086,0.08738430372261818,21.428560797455912
1195.0,0.002378783872212997,0.0020000219687068,0.08649890341487157,21.208673227972714
1196.0,0.002374577488176768,0.002000021548121975,0.08562063333047697,20.990639982677756
1197.0,0.0023704130912277016,0.002000021135319546,0.08474946348769888,20.7744507615463
1198.0,0.0023662903202142063,0.0020000207301608527,0.0838853636004452,20.560095257067847
1199.0,0.002362208816418147,0.002000020332509604,0.08302830308618012,20.347563155016214
1200.0,0.002358168223545961,0.002000019942231836,0.08217825107379392,20.136844135218638
1201.0,0.0023541681877197163,0.002000019559195877,0.08133517641142368,19.927927872322673
1202.0,0.0023502083574681214,0.00200001918327231,0.08049904767422976,19.720804036562463
1203.0,0.0023462883837174747,0.0020000188143339333,0.07966983317212033,19.5154622945227
1204.0,0.0023424079197825734,0.0020000184522557265,0.0788475009574272,19.311892309901264
1205.0,0.0023385666213575637,0.0020000180969148153,0.07803201883252801,19.110083744269737
1206.0,0.002334764146506747,0.0020000177481904347,0.07722335435741612,18.910026257832087
1207.0,0.0023310001556553386,0.002000017405963896,0.07642147485721539,18.711709510181322
1208.0,0.0023272743115801786,0.002000017070118551,0.0756263474296383,18.515123161053694
1209.0,0.0023235862794004003,0.0020000167405397604,0.07483793895238745,18.320256871080765
1210.0,0.0023199357265680535,0.0020000164171148603,0.0740562160904983,18.127100302538917
1211.0,0.0023163223228586847,0.0020000160997331296,0.07328114530362148,17.93564312009613
1212.0,0.0023127457403618805,0.002000015788285757,0.0725126928532464,17.745874991556477
1213.0,0.0023092056534717645,0.002000015482665812,0.0717508248098599,17.55778558860099
1214.0,0.0023057017388774617,0.0020000151827682107,0.07099550706004511,17.371364587526315
1215.0,0.0023022336755535193,0.002000014888489689,0.0702467053135136,17.186601669979474
1216.0,0.0022988011447502973,0.00200001459972877,0.06950438511007506,17.00348652368994
1217.0,0.0022954038299843184,0.002000014316385735,0.06876851182653997,16.82200884319794
1218.0,0.002292041417028587,0.0020000140383625944,0.06803905068355574,16.642158330579218
1219.0,0.002288713593902874,0.0020000137655630606,0.0673159667523758,16.46392469616615
1220.0,0.0022854200508639682,0.002000013497892517,0.06659922496156043,16.287297659264993
1221.0,0.002282160480395901,0.0020000132352579925,0.06588879010360847,16.11226694886907
1222.0,0.0022789345772001365,0.0020000129775681343,0.06518462684151952,15.938822304367832
1223.0,0.0022757420381857366,0.0020000127247331795,0.06448669971528624,15.76695347625176
1224.0,0.002272582562459495,0.0020000124766649295,0.0637949731483148,15.596650226812555
1225.0,0.0022694558513160494,0.0020000122332767237,0.06310941145377495,15.427902330839089
1226.0,0.0022663616082279642,0.002000011994483415,0.06242997884087734,15.260699576308411
1227.0,0.0022632995388357897,0.0020000117602013436,0.06175663942107851,15.09503176507203
1228.0,0.0022602693509380985,0.0020000115303483116,0.061089357214212825,14.930888713537122
1229.0,0.0022572707544815007,0.0020000113048435596,0.060428096154551365,14.768260253342797
1230.0,0.002254303461550635,0.0020000110836077426,0.05977282009678618,14.607136232030868
1231.0,0.002251367186358142,0.002000010866562906,0.05912349282194116,14.447506513711462
1232.0,0.0022484616452346155,0.002000010653632463,0.058480078043207685,14.289360979722954
1233.0,0.0022455865566185394,0.00200001044474117,0.05784253941170588,14.13268952928636
1234.0,0.0022427416410462026,0.002000010239815106,0.057210840522170785,13.977482080153967
1235.0,0.0022399266211416014,0.0020000100387816497,0.05658494491856265,13.823728569251967
1236.0,0.0022371412216063247,0.0020000098415694574,0.05596481609960235,13.671418953317191
1237.0,0.002234385169209422,0.0020000096481084416,0.05535041752423022,13.520543209527562
1238.0,0.002231658192777266,0.00200000945832975,0.0547417126169906,13.371091336126616
1239.0,0.0022289600231833926,0.0020000092721657453,0.0541386647733382,13.223053353041186
1240.0,0.002226290393338336,0.002000009089549983,0.05354123736487052,13.07641930249307
1241.0,0.0022236490381794503,0.002000008910417193,0.052949393744482556,12.931179249603755
1242.0,0.002221035694660722,0.0020000087347032593,0.05236309725144647,12.78732328299271
1243.0,0.002218450101742572,0.0020000085623452,0.05178231121641423,12.644841515368674
1244.0,0.002215892000381654,0.002000008393281149,0.051206998966345056,12.503724084114255
1245.0,0.002213361133520638,0.0020000082274503356,0.05063712382935619,12.363961151863414
1246.0,0.0022108572460779953,0.0020000080647930678,0.05007264913949744,12.225542907071784
1247.0,0.0022083800849377723,0.0020000079052507123,0.049513538241450855,12.088459564580072
1248.0,0.0022059293989393626,0.0020000077487656786,0.04895975449515326,11.952701366169848
1249.0,0.002203504938867274,0.0020000075952813987,0.04841126128034474,11.81825858111237
1250.0,0.0022011064574408937,0.002000007444742311,0.04786802200104052,11.685121506709704
1251.0,0.00219873370930425,0.002000007297093845,0.047330000089927694,11.553280468828333
1252.0,0.0021963864510157706,0.0020000071522824,0.04679715901268782,11.422725822425424
1253.0,0.0021940644410380476,0.0020000070102553337,0.04626946227224378,11.293447952067185
1254.0,0.0021917674397275923,0.002000006870960942,0.04574687341293234,11.165437272439588
1255.0,0.0021894952093246016,0.002000006734348444,0.04522935602460375,11.038684228851592
1256.0,0.002187247513942715,0.0020000066003679675,0.044716873746644265,10.913179297729766
1257.0,0.0021850241195587854,0.002000006468970532,0.04420939027192902,10.788912987105975
1258.0,0.0021828247940026448,0.0020000063401080337,0.04370686935069888,10.665875837096461
1259.0,0.0021806493069468766,0.002000006213733231,0.0432092747943649,10.544058420373016
1260.0,0.0021784974298965946,0.0020000060897997296,0.04271657047924109,10.423451342626361
1261.0,0.0021763689361792224,0.0020000059682619676,0.04222872035020348,10.30404524302101
1262.0,0.0021742636009342868,0.002000005849075201,0.04174568842427983,10.185830794642609
1263.0,0.0021721812011032075,0.00200000573219549,0.04126743879416463,10.068798704936299
1264.0,0.0021701215154191064,0.002000005617579686,0.040793935631666854,9.95293971613773
1265.0,0.0021680843243966127,0.002000005505185417,0.04032514319108387,9.83824460569506
1266.0,0.0021660694103216886,0.002000005394971073,0.03986102581250843,9.724704186683404
1267.0,0.002164076557241455,0.0020000052868957953,0.03940154792506322,9.612309308210326
1268.0,0.002162105550954032,0.002000005180919463,0.0389466740500685,9.501050855813514
1269.0,0.002160156178998392,0.0020000050770026777,0.03849636880414067,9.390919751850024
1270.0,0.0021582282306442198,0.002000004975106755,0.03805059690222202,9.281906955877004
1271.0,0.0021563214968817863,0.0020000048751937093,0.03760932316054357,9.174003465024185
1272.0,0.0021544357704118386,0.0020000047772262422,0.03717251249952171,9.067200314358244
1273.0,0.0021525708456354973,0.0020000046811677313,0.03674012994658663,8.961488577238368
1274.0,0.0021507265186441736,0.0020000045869822177,0.036312140638946604,8.856859365663864
1275.0,0.0021489025872094957,0.002000004494634395,0.03588850982628563,8.75330383061311
1276.0,0.0021470988507732557,0.0020000044040895983,0.03546920287339745,8.65081316237442
1277.0,0.002145315110437368,0.0020000043153137917,0.03505418526275454,8.549378590868361
1278.0,0.002143551168953846,0.002000004228273558,0.03464342259701421,8.448991385961888
1279.0,0.0021418068307147956,0.0020000041429360897,0.0342368806014609,8.349642857773977
1280.0,0.002140081901742424,0.0020000040592691747,0.03383452512638708,8.251324356973193
1281.0,0.002138376189679073,0.0020000039772411888,0.03343632214941218,8.154027275066912
1282.0,0.0021366895037772593,0.0020000038968210855,0.033042237777738896,8.05774304468193
1283.0,0.002135021654889747,0.002000003817978383,0.03265223825035181,7.962463139837533
1284.0,0.00213337245545963,0.002000003740683158,0.032266289940153604,7.868179076209741
1285.0,0.0021317417195104403,0.002000003664906033,0.03188435935604306,7.774882411387619
1286.0,0.00213012926263627,0.0020000035906181696,0.031506413144934256,7.682564745121416
1287.0,0.0021285349019919252,0.002000003517791255,0.031132418093718604,7.5912177195627795
1288.0,0.0021269584562830907,0.0020000034463974973,0.03076234113116776,7.500833019496455
1289.0,0.002125399745756522,0.002000003376409613,0.03039614932978164,7.411402372564399
1290.0,0.0021238585921902614,0.002000003307800819,0.030033809907579694,7.322917549481707
1291.0,0.002122334818883873,0.002000003240544825,0.02967529022983658,7.235370364244548
1292.0,0.0021208282506487027,0.0020000031746158237,0.029320557810763367,7.1487526743302485
1293.0,0.002119338713798164,0.0020000031099884816,0.028969580315135097,7.0630563808896145
1294.0,0.002117866036138047,0.0020000030466379324,0.028622325559864447,6.9782734289313275
1295.0,0.0021164100469568494,0.0020000029845397673,0.028278761515522572,6.894395807498556
1296.0,0.0021149705770161387,0.0020000029236700275,0.02793885630780868,6.811415549838063
1297.0,0.002113547458540934,0.0020000028640051962,0.027602578218967277,6.729324733561428
1298.0,0.002112140525210117,0.0020000028055221905,0.02726989568915549,6.648115480798876
1299.0,0.0021107496121468717,0.0020000027481983547,0.026940777317759988,6.567779958345499
1300.0,0.0021093745559091445,0.002000002692011451,0.026615191864664454,6.488310377799971
1301.0,0.0021080151944801373,0.0020000026369396537,0.026293108251468543,6.409698995695922
1302.0,0.0021066713672588276,0.002000002582961541,0.025974495562659107,6.331938113626029
1303.0,0.0021053429150505124,0.002000002530056088,0.025659323046733105,6.255020078358599
1304.0,0.0021040296800573875,0.0020000024782026596,0.025347560117275347,6.178937281947318
1305.0,0.002102731505869147,0.002000002427381004,0.025039176353988352,6.103682161833402
1306.0,0.002101448237453621,0.002000002377571246,0.024734141503678746,6.029247200941127
1307.0,0.002100179721147436,0.002000002328753878,0.024432425481197548,5.955624927766025
1308.0,0.0020989258046467075,0.002000002280909757,0.024133998370337518,5.8828079164564056
1309.0,0.0020976863369977635,0.0020000022340200957,0.023838830424685806,5.81078878688769
1310.0,0.0020964611685878975,0.0020000021880664564,0.023546892068435528,5.739560204730365
1311.0,0.002095250151136153,0.0020000021430307455,0.02325815389715418,5.669114881510956
1312.0,0.002094053137684137,0.002000002098895207,0.022972586678510775,5.599445574666383
1313.0,0.002092869982586869,0.0020000020556424163,0.02269016135296289,5.530545087591934
1314.0,0.002091700541503658,0.0020000020132552735,0.022410849034403265,5.46240626968265
1315.0,0.002090544671389013,0.002000001971717,0.022134621010766055,5.3950220163681095
1316.0,0.0020894022304835855,0.0020000019310111306,0.021861448744596158,5.32838526914133
1317.0,0.002088273078305146,0.002000001891121507,0.021591303873579368,5.262489015581185
1318.0,0.002087157075639591,0.0020000018520322754,0.021324158211034158,5.197326289368454
1319.0,0.0020860540845319847,0.002000001813727879,0.02105998374636848,5.132890170296249
1320.0,0.002084963968277633,0.0020000017761930516,0.02079875264549874,5.069173784274062
1321.0,0.002083886591413194,0.0020000017394128156,0.02054043725123401,5.006170303326101
1322.0,0.002082821819707819,0.002000001703372474,0.020285010083624964,4.943872945583736
1323.0,0.0020817695201543274,0.0020000016680576053,0.020032443840278438,4.882274975272178
1324.0,0.0020807295609604217,0.0020000016334540613,0.019782711396638196,4.821369702691505
1325.0,0.0020797018115399283,0.0020000015995479585,0.019535785806232688,4.7611504841921155
1326.0,0.002078686142504081,0.0020000015663256764,0.01929164030088998,4.701610722144641
1327.0,0.0020776824256528367,0.0020000015337738506,0.019050248290921466,4.642743864904601
1328.0,0.002076690533966223,0.0020000015018793696,0.01881158336527293,4.584543406771419
1329.0,0.002075710341595728,0.0020000014706293688,0.0185756192916463,4.527002887942548
1330.0,0.0020747417238557203,0.0020000014400112275,0.018342330016590296,4.470115894462199
1331.0,0.0020737845572149066,0.0020000014100125633,0.018111689665561495,4.413876058165004
1332.0,0.002072838719287827,0.0020000013806212285,0.01788367254295712,4.358277056614853
1333.0,0.0020719040888263836,0.0020000013518253054,0.017658253132118537,4.3033126130386385
1334.0,0.0020709805457114097,0.0020000013236131024,0.017435406095307592,4.248976496255323
1335.0,0.0020700679709442695,0.0020000012959731496,0.017215106273654867,4.1952625206000995
1336.0,0.002069166246638501,0.0020000012688941946,0.016997328687082116,4.142164545844129
1337.0,0.0020682752560114916,0.0020000012423651995,0.016782048534197357,4.089676477109416
1338.0,0.0020673948833761927,0.0020000012163753356,0.0165692411921657,4.03779226477955
1339.0,0.002066525014132871,0.0020000011909139808,0.01635888221655366,3.9865059044057034
1340.0,0.002065665534760898,0.0020000011659707146,0.01615094734114999,3.9358114366085815
1341.0,0.0020648163328105744,0.002000001141535316,0.01594541247776161,3.8857029469759277
1342.0,0.0020639772968949963,0.002000001117597758,0.015742253715986726,3.8361745659560595
1343.0,0.002063148316681956,0.002000001094148205,0.01554144732296454,3.7872204687472393
1344.0,0.0020623292828858826,0.00200000107117701,0.015342969743102198,3.7388348751829903
1345.0,0.002061520087259819,0.00200000104867471,0.015146797597780771,3.69101204961377
1346.0,0.002060720622587437,0.0020000010266320225,0.014952907685038206,3.643746300784436
1347.0,0.002059930782675096,0.0020000010050398435,0.014761276979232905,3.5970319817083807
1348.0,0.0020591504623439292,0.0020000009838892423,0.014571882630685477,3.5508634895376723
1349.0,0.0020583795574219818,0.0020000009631714606,0.014384701965301344,3.505235265429844
1350.0,0.0020576179647363757,0.0020000009428779073,0.014199712484173363,3.460141794411068
1351.0,0.0020568655821055206,0.002000000923000156,0.014016891863165565,3.4155776052359648
1352.0,0.002056122308331361,0.002000000903529943,0.013836217952477916,3.3715372702439725
1353.0,0.0020553880431916616,0.0020000008844591626,0.013657668776193867,3.328015405212694
1354.0,0.0020546626874323346,0.0020000008657798654,0.013481222531809054,3.285006669207767
1355.0,0.0020539461427598006,0.0020000008474842547,0.013306857589743244,3.2425057644297537
1356.0,0.002053238311833396,0.002000000829564685,0.01313455249283607,3.2005074360581425
1357.0,0.002052539098257812,0.002000000812013657,0.01296428595582559,3.159006472092193
1358.0,0.002051848406575578,0.002000000794823816,0.012796036864811065,3.117997703188944
1359.0,0.002051166142259583,0.0020000007779879506,0.01262978427670076,3.077476002498542
1360.0,0.002050492211705634,0.002000000761498987,0.01246550741864382,3.0374362854966415
1361.0,0.002049826522225058,0.00200000074534999,0.012303185687448514,2.9978735098143905
1362.0,0.00204916898203734,0.002000000729534157,0.01214279864898538,2.9587826750656405
1363.0,0.0020485195002628003,0.0020000007140448177,0.011984326037576761,2.9201588226716977
1364.0,0.002047877986915316,0.002000000698875431,0.011827747755373293,2.881997035683738
1365.0,0.002047244352895075,0.0020000006840195823,0.011673043871716714,2.844292438602703
1366.0,0.0020466185099813753,0.0020000006694709826,0.01152019462249019,2.8070401971969465
1367.0,0.002046000370825461,0.002000000655223463,0.011369180409456895,2.770235518317782
1368.0,0.0020453898489434,0.0020000006412709765,0.011219981799585946,2.7338736497127027
1369.0,0.002044786858708997,0.0020000006276075922,0.01107257952436695,2.6979498798365387
1370.0,0.0020441913153467525,0.0020000006142274953,0.0109269544791138,2.6624595376607028
1371.0,0.002043603134924856,0.002000000601124984,0.010783087722257143,2.627397992480353
1372.0,0.0020430222343482216,0.002000000588294468,0.010640960474626508,2.5927606537196954
1373.0,0.0020424485313515627,0.0020000005757304646,0.010500554118722933,2.558542970735613
1374.0,0.0020418819444925056,0.0020000005634275998,0.010361850197980504,2.524740432619209
1375.0,0.002041322393144745,0.002000000551380604,0.010224830416019683,2.4913485679959555
1376.0,0.0020407697974912345,0.00200000053958431,0.010089476635890852,2.458362944824038
1377.0,0.0020402240785174232,0.0020000005280336516,0.009955770879309695,2.4257791701912788
1378.0,0.002039685158004526,0.0020000005167236626,0.009823695325882892,2.3935928901102463
1379.0,0.0020391529585228377,0.0020000005056494737,0.009693232312327351,2.36179978931232
1380.0,0.0020386274034250836,0.00200000049480631,0.00956436433168034,2.3303955910400562
1381.0,0.0020381084168398108,0.002000000484189492,0.009437074032502008,2.2993760568381973
1382.0,0.002037595923664821,0.0020000004737944304,0.009311344218072011,2.268736986343723
1383.0,0.002037089849560639,0.002000000463616627,0.00918715784557767,2.238474217074317
1384.0,0.0020365901209440235,0.002000000453651671,0.009064498025296346,2.2085836242158683
1385.0,0.0020360966649815176,0.0020000004438952396,0.00894334801977139,2.179061120408858
1386.0,0.0020356094095830344,0.002000000434343094,0.008823691242981362,2.149902655533517
1387.0,0.002035128283395489,0.0020000004249910793,0.008705511259504684,2.1211042164943015
1388.0,0.0020346532157964627,0.002000000415835123,0.008588791783676974,2.0926618270029715
1389.0,0.0020341841368879112,0.0020000004068712316,0.008473516678745303,2.0645715473613153
1390.0,0.0020337209774899095,0.002000000398095491,0.008359669956015404,2.0368294742425244
1391.0,0.002033263669134438,0.002000000389504065,0.008247235773995332,2.0094317404720767
1392.0,0.0020328121440592053,0.002000000381093192,0.008136198437534143,1.982374514807749
1393.0,0.002032366335201512,0.0020000003728591867,0.008026542396956497,1.9556540017189796
1394.0,0.002031926176192152,0.0020000003647984337,0.007918252247193593,1.9292664411656715
1395.0,0.002031491601349354,0.002000000356907392,0.007811312726908876,1.903208108376034
1396.0,0.0020310625456727606,0.0020000003491825896,0.007705708717622392,1.877475313624408
1397.0,0.0020306389448374465,0.0020000003416206233,0.007601425242829638,1.8520644020080497
1398.0,0.002030220735187978,0.002000000334218157,0.007498447467119676,1.826971753224023
1399.0,0.0020298078537325038,0.002000000326971922,0.0073967606952873586,1.8021937813449367
1400.0,0.0020294002381368945,0.0020000003198787134,0.007296350371445808,1.7777269345950177
1401.0,0.002028997826718912,0.002000000312935391,0.007197202078134685,1.7535676951254167
1402.0,0.002028600558442421,0.002000000306138876,0.007099301535427104,1.7297125787894418
1403.0,0.00202820837291164,0.002000000299486152,0.0070026346000335435,1.7061581349173045
1404.0,0.002027821210365426,0.0020000002929742616,0.006907187264404965,1.6829009460909092
1405.0,0.0020274390116716023,0.0020000002866003073,0.006812945655833558,1.6599376279182956
1406.0,0.002027061718321322,0.0020000002803614485,0.006719896035552711,1.637264828808115
1407.0,0.0020266892724234674,0.0020000002742549027,0.006628024797834377,1.614879229743687
1408.0,0.002026321616699092,0.002000000268277941,0.006537318469087368,1.5927775440574894
1409.0,0.0020259586944758965,0.0020000002624278907,0.006447763706952815,1.5709565172051614
1410.0,0.002025600449682742,0.0020000002567021322,0.006359347299399544,1.5494129265396768
1411.0,0.0020252468268442043,0.0020000002510980977,0.006272056163820046,1.5281435810858557
1412.0,0.0020248977710751637,0.002000000245613271,0.006185877346124049,1.5071453213144688
1413.0,0.0020245532280754293,0.0020000002402451875,0.006100798019832843,1.4864150189167031
1414.0,0.0020242131441244064,0.0020000002349914304,0.006016805485174296,1.4659495765789679
1415.0,0.0020238774660757946,0.0020000002298496324,0.005933887168176166,1.4457459277574474
1416.0,0.002023546141352329,0.0020000002248174733,0.00585203061976146,1.4258010364533116
1417.0,0.002023219117940553,0.0020000002198926796,0.005771223514842753,1.4061118969878292
1418.0,0.002022896344385631,0.002000000215073024,0.00569145365141772,1.3866755337779224
1419.0,0.002022577769786198,0.002000000210356324,0.005612708949665708,1.3674890011121197
1420.0,0.002022263343789243,0.00200000020574044,0.005534977451044023,1.3485493829265782
1421.0,0.00202195301658503,0.002000000201223276,0.005458247317386015,1.3298537925816771
1422.0,0.002021646738902059,0.0020000001968027794,0.005382506829999957,1.3113993726389352
1423.0,0.002021344462002055,0.0020000001924769376,0.005307744388769094,1.2931832946383381
1424.0,0.002021046137675003,0.0020000001882437795,0.005233948511253424,1.2752027588762083
1425.0,0.0020207517182342103,0.002000000184101373,0.005161107831792107,1.257454994183345
1426.0,0.002020461156511409,0.002000000180047826,0.005089211100608139,1.239937257703829
1427.0,0.002020174405851894,0.002000000176081284,0.005018247182914354,1.2226468346742605
1428.0,0.002019891420109696,0.0020000001721999306,0.004948205058021695,1.2055810382036534
1429.0,0.0020196121536427882,0.0020000001684019855,0.0048790738184487596,1.1887372090537436
1430.0,0.0020193365613083315,0.0020000001646857057,0.00481084266903357,1.1721127154199362
1431.0,0.0020190645984579526,0.0020000001610493818,0.004743500926048217,1.1557049527130494
1432.0,0.002018796220933056,0.0020000001574913403,0.0046770380163139195,1.1395113433412494
1433.0,0.002018531385060176,0.002000000154009942,0.004611443476320751,1.1235293364932109
1434.0,0.0020182700476463573,0.00200000015060358,0.004546706951347954,1.1077564079215085
1435.0,0.0020180121659745726,0.002000000147270681,0.00448281819458732,1.0921900597268344
1436.0,0.002017757697799177,0.002000000144009703,0.004419767066269797,1.076827820143084
1437.0,0.002017506601341393,0.002000000140819136,0.0043575435327937945,1.0616672433229315
1438.0,0.0020172588352848314,0.0020000001376975,0.004296137665856962,1.0467059091243252
1439.0,0.002017014358771047,0.0020000001346433464,0.004235539641590546,1.031941422897684
1440.0,0.0020167731313951256,0.002000000131655255,0.004175739739696714,1.0173714152738833
1441.0,0.002016535113201309,0.002000000128731835,0.004116728342588998,1.0029935419530722
1442.0,0.0020163002646786483,0.002000000125871725,0.0040584959345358225,0.9888054834943011
1443.0,0.0020160685467566957,0.0020000001230735896,0.004001033100807301,0.9748049451060115
1444.0,0.002015839920801225,0.0020000001203361218,0.003944330526824747,0.9609896564372453
1445.0,0.002015614348609989,0.0020000001176580418,0.00388837899731413,0.9473573713698744
1446.0,0.0020153917924085095,0.002000000115038095,0.0038331693954631063,0.9339058678117554
1447.0,0.0020151722148458963,0.0020000001124750528,0.0037786927020805636,0.9206329474905522
1448.0,0.002014955578990703,0.002000000109967713,0.0037249399947599615,0.9075364357485342
1449.0,0.0020147418483268155,0.002000000107514896,0.0036719024470475365,0.8946141813386095
1450.0,0.0020145309867493693,0.002000000105115448,0.0036195713276121174,0.8818640562208006
1451.0,0.0020143229585607024,0.002000000102768239,0.0035679379994200057,0.8692839553599981
1452.0,0.002014117728466338,0.0020000001004721606,0.0035169939189131647,0.8568717965245686
1453.0,0.0020139152615710025,0.002000000098226129,0.003466730635191247,0.8446255200859373
1454.0,0.00201371552337467,0.0020000000960290823,0.003417139789197442,0.8325430888191461
1455.0,0.002013518479768644,0.0020000000938799802,0.0033682131129081213,0.8206224877043767
1456.0,0.0020133240970316665,0.0020000000917778033,0.0033199424285272343,0.808861723729669
1457.0,0.002013132341826061,0.0020000000897215544,0.003272319647682833,0.7972588256941957
1458.0,0.002012943181193904,0.0020000000877102566,0.0032253367706297008,0.7858118440130618
1459.0,0.0020127565825532323,0.0020000000857429523,0.0031789858854552565,0.7745188505229349
1460.0,0.0020125725136942744,0.0020000000838187046,0.0031332591672889043,0.7633779382885496
1461.0,0.0020123909427757175,0.002000000081936596,0.003088148877516219,0.7523872214104225
1462.0,0.0020122118383210054,0.002000000080095728,0.003043647362997822,0.7415448348337407
1463.0,0.002012035169214662,0.0020000000782952193,0.0029997470552912907,0.7308489341580199
1464.0,0.0020118609046986505,0.0020000000765342096,0.0029564404698779094,0.72029769544797
1465.0,0.0020116890143687593,0.002000000074811854,0.0029137202053943273,0.7098893150455857
1466.0,0.002011519468171019,0.0020000000731273254,0.0028715789428674712,0.6996220093830564
1467.0,0.0020113522363981486,0.002000000071479816,0.0028300094449539652,0.689494014796799
1468.0,0.002011187289686031,0.002000000069868533,0.0027890045551849938,0.6795035873428432
1469.0,0.0020110245990102205,0.0020000000682926997,0.0027485571972146196,0.6696490026130828
1470.0,0.0020108641356824746,0.0020000000667515566,0.002708660374072265,0.6599285555525628
1471.0,0.0020107058713473205,0.0020000000652443603,0.0026693071674205107,0.6503405602780866
1472.0,0.002010549777978646,0.0020000000637703814,0.002630490736817191,0.6408833498978899
1473.0,0.002010395827876321,0.0020000000623289073,0.0025922043189810728,0.6315552763322085
1474.0,0.0020102439936628496,0.0020000000609192397,0.0025544412270632655,0.6223547101352643
1475.0,0.002010094248280046,0.0020000000595406945,0.0025171948499228725,0.6132800403183007
1476.0,0.002009946564985742,0.002000000058192602,0.0024804586514063157,0.6043296741735344
1477.0,0.0020098009173505236,0.002000000056874307,0.002444226169632112,0.5955020370994516
1478.0,0.0020096572792544917,0.0020000000555851676,0.002408491016280393,0.5867955724272775
1479.0,0.0020095156248840537,0.0020000000543245553,0.0023732468758861556,0.5782087412483717
1480.0,0.002009375928728742,0.0020000000530918556,0.00233848750513758,0.5697400222428738
1481.0,0.002009238165578059,0.0020000000518864657,0.002304206732179581,0.5613879115096384
1482.0,0.00200910231051835,0.0020000000507077956,0.002270398455920373,0.5531509223969215
1483.0,0.0020089683389297058,0.002000000049555269,0.0022370566453446625,0.5450275853346938
1484.0,0.002008836226482885,0.0020000000484283196,0.0022041753388297412,0.5370164476676741
1485.0,0.0020087059491362726,0.0020000000473263954,0.002171748643467322,0.529116073489778
1486.0,0.0020085774831328585,0.002000000046248954,0.002139770734389995,0.5213250434797002
1487.0,0.0020084508049972444,0.002000000045195465,0.002108235854101358,0.5136419547374097
1488.0,0.0020083258915326776,0.00200000004416541,0.00207713831181183,0.5060654206220361
1489.0,0.0020082027198181107,0.002000000043158281,0.0020464724827789775,0.498594070590871
1490.0,0.0020080812672052866,0.0020000000421735793,0.0020162328076522118,0.49122655003944204
1491.0,0.0020079615113158507,0.0020000000412108195,0.0019864137918219763,0.4839615201426932
1492.0,0.0020078434300384866,0.0020000000402695243,0.0019570100047743505,0.47679765769749466
1493.0,0.00200772700152608,0.0020000000393492275,0.0019280160794495898,0.4697336549661203
1494.0,0.0020076122041929054,0.002000000038449472,0.0018994267116058253,0.4627682195209929
1495.0,0.00200749901671184,0.002000000037569811,0.0018712366591869987,0.4559000740904694
1496.0,0.0020073874180116017,0.002000000036709807,0.001843440741695926,0.44912795640588454
1497.0,0.002007277387274011,0.0020000000358690317,0.0018160338395716658,0.44245061904965177
1498.0,0.00200716890393128,0.002000000035047066,0.0017890108935715511,0.43586682930450793
1499.0,0.002007061947663323,0.0020000000342434996,0.001762366904158246,0.4293753690039904
1500.0,0.002006956498395095,0.0020000000334579305,0.0017360969308912102,0.42297503438399536
